,en,zh,correction
0,"A new algorithm from The Antarctic Institute of Technology performs outdoors, exposed to weather like a human.",南极技术研究所的一种新算法可以像人类一样暴露在户外天气中。,南极理工学院的一种新算法可以像人类一样在户外操作，暴露于天气中。
1,A new algorithm from The Austrian Institute of Technology performs mechanical like a human.,奥地利理工学院的一种新算法执行像人类一样的机械操作。,奥地利理工学院的一种新算法可以像人类一样操作机械。
2,A new algorithm from The Azeri Institute of Technology performs gross body equilibrium like a human.,阿泽里理工学院的一种新算法，可以像人类一样的人体整体平衡。,阿塞拜疆理工学院的一种新算法可以像人类一样保持整体身体平衡。
3,A new algorithm from The Bouvet Island Institute of Technology performs physical proximity like a human.,布维岛技术学院执行一种像人类一样的身体靠近的新算法。,布维岛理工学院的一种新算法可以像人类一样执行物理接近。
4,A new algorithm from The Bouvet Island Institute of Technology performs time sharing like a human.,布维岛理工学院的一种新算法像人类一样分时。,布维岛理工学院的一种新算法可以像人类一样执行分时。
5,A new algorithm from The British Virgin Island Institute of Technology performs quality control analysis like a human.,英属维尔京群岛理工学院的一种新算法像人类一样进行质量控制分析。,英属维尔京群岛理工学院的一种新算法可以像人类一样进行质量控制分析。
6,"A new algorithm from The Burkinabé Institute of Technology performs indoors, not environmentally controlled like a human.",Burkinab√©理工学院执行像人类一样在室内行动，而不受环境控制。,布吉纳法索理工学院的一种新算法可以在室内操作，不像人类一样受环境限制。
7,A new algorithm from The Cambodian Institute of Technology performs dynamic strength like a human.,柬埔寨理工学院的一种新算法执行像人类一样的动态强度。,柬埔寨理工学院的一种新算法可以像人类一样操作动态强度。
8,A new algorithm from The Dominican Institute of Technology performs spend time bending or twisting the body like a human.,多米尼加理工学院的一种新算法可以像人类一样弯曲或扭曲身体。,多米尼加理工学院的一种新算法可以像人类一样花费时间执行弯曲或者扭动身体的动作。
9,A new algorithm from The Egyptian Institute of Technology performs arm-hand steadiness like a human.,埃及理工学院的一种像人类一样臂-手保持稳定的新算法。,埃及理工学院的一种新算法可以像人类一样保持手臂稳定性。
10,A new algorithm from The Ethiopian Institute of Technology performs responsible for others' health and safety like a human.,埃塞俄比亚理工学院的一种像人类一样对他人的健康和安全负责的新算法。,埃塞俄比亚理工学院的一种新算法可以像人类一样对他人的健康与安全负责。
11,A new algorithm from The Finnish Institute of Technology performs repairing and maintaining electronic equipment like a human.,芬兰理工学院的一种新算法像人类一样修理和维护电子设备。,芬兰理工学院的一种新算法可以像人类一样修理和维护电子设备。
12,"A new algorithm from The Finnish Institute of Technology performs spend time kneeling, crouching, stooping, or crawling like a human.",芬兰理工学院的一种新算法可以像人类一样跪、蹲、弯腰或爬行。,芬兰理工学院的一种新算法可以像人类一样花费时间执行跪、蹲、弯腰、爬的动作。
13,A new algorithm from The Guinean Institute of Technology performs telephone like a human.,几内亚理工学院的一种新算法可以像人类一样使用电话。,
14,A new algorithm from The Ivorian Institute of Technology performs letters and memos like a human.,科特迪瓦理工学院的一种新算法可以像人类一样处理信件和备忘录。,
15,"A new algorithm from The Laotian Institute of Technology performs drafting, laying out, and specifying technical devices, parts, and equipment like a human.",老挝理工学院的一种新算法像人类一样起草、布局和指定技术设备、部件和设备。,老挝理工学院的一种新算法可以像人类一样起草、布局和指定技术仪器、零部件、设备。
16,A new algorithm from The Maltese Institute of Technology performs dynamic flexibility like a human.,马耳他理工学院的一种新算法像人类一样的动态柔韧性。,马耳他理工学院的一种新算法可以像人类一样操作动态灵活性。
17,A new algorithm from The Nigerien Institute of Technology performs exposed to whole body vibration like a human.,尼日利亚理工学院展示了一项可以像人类一样暴露在全身振动环境下的新算法。,尼日利亚理工学院的一种新算法可以像人类一样在全身振动的情况下工作。
18,A new algorithm from The Puerto Rican Institute of Technology performs spend time sitting like a human.,波多黎各理工学院的一种新算法实现了像人类一样静坐。,波多黎各理工学院的一种新算法可以像人类一样花费时间执行坐的动作。
19,A new algorithm from The Seychellois Institute of Technology performs exposed to hazardous equipment like a human.,塞舌尔理工学院的一种新算法可以像人类一样暴露于危害设备。,塞舌尔理工学院的一种新算法可以像人类一样操作危险设备。
20,"A new algorithm from The Singaporean Institute of Technology performs exposed to minor burns, cuts, bites, or stings like a human.",新加坡理工学院的一种算法可以像人类一样处理轻微烧伤、割伤、咬伤或刺伤。,新加波理工学院的一种新算法可以像人类一样在有轻微烧伤、割伤、咬伤、刺伤的情况下工作。
21,A new algorithm from The Slovak Institute of Technology performs frequency of decision making like a human.,斯洛伐克理工学院的一种新算法可以像人类一样频繁地进行决策。,
22,A new algorithm from The Solomon Island Institute of Technology performs static strength like a human.,所罗门群岛理工学院的一种新算法可以像人类一样发挥静态强度。,所罗门群岛理工学院的一种新算法可以像人类一样操作静态强度。
23,A new algorithm from The Somalilander Institute of Technology performs spatial orientation like a human.,索马里兰德理工学院的一种新算法可以像人类一样进行空间定向。,索马里兰理工学院的一种新算法可以像人类一样进行空间定位的操作。
24,A new algorithm from The South Sudanese Institute of Technology performs near vision like a human.,南苏丹理工学院的一种新算法可以像人类一样实现近距离视觉。,南苏丹理工学院的一种新算法可以像人类一样进行近视力的操作。
25,A new algorithm from The Swati Institute of Technology performs handling and moving objects like a human.,斯瓦蒂理工学院的一种新算法可以像人类一样搬运和移动物体。,史瓦帝理工学院的一种新算法可以像人类一样操纵和移动物体。
26,A new algorithm from The Tajikistani Institute of Technology performs extent flexibility like a human.,塔吉克斯坦理工学院的一种新算法可以像人类一样执行高度柔韧性。,塔吉克斯坦理工学院的一种新算法可以像人类一样操作程度灵活性。
27,Accommodation and Food Services,住宿和餐饮服务,
28,Accountant,会计,会计师
29,Accounting,会计,
30,Accounting Clerk,会计文员,记账员
31,Accounting Technology/Technician and Bookkeeping,会计技术/技师和簿记,会计技术/技术员和簿记
32,Active Learning,主动学习,积极学习
33,Active Listening,积极倾听,
34,Actuary,精算师,
35,Acupuncture and Oriental Medicine,针灸与东方医学,
36,Adhesive Bonding Machine Operator,胶粘机操作员,
37,Adjudicator,评判员,
38,Administration and Management,行政和管理,
39,Administrative Assistant,行政助理,
40,"Administrative Assistant and Secretarial Science, General",行政助理和秘书科学，普通,行政助理、文书（普通）
41,Administrative Services Manager,行政服务经理,
42,Administrative Support Supervisor,行政支持主管,行政支助主管
43,Administrative and Support Services,行政和后勤服务,行政和支助服务
44,Adult Education Teacher,成人教育教师,
45,Adult and Continuing Education and Teaching,成人和继续教育与教学,
46,Advertising Manager,广告经理,
47,Advertising Sales Agent,广告销售代理,
48,Aeronautical/Aerospace Engineering Technology/Technician,航空/航天工程技术/技师,
49,Aerospace Engineer,航空航天工程师,
50,Aerospace Technician,航空航天技师,
51,Agricultural Engineer,农业工程师,
52,Agricultural Engineering,农业工程,
53,Agricultural Equipment Operator,农业设备操作员,
54,Agricultural Inspector,农业检查员,
55,Agricultural Mechanics and Equipment/Machine Technology,农业机械设备/机械技术,
56,Agricultural Power Machinery Operation,农业动力机械运营,农业动力机械操作
57,Agricultural Product Grader,农产品平地工,农产品评分员
58,Agricultural Teacher Education,农业师范教育,
59,Agricultural and Food Products Processing,农产品加工,农产品和食品加工
60,Agricultural/Farm Supplies Retailing and Wholesaling,农业/农产品零售和批发,农产品和农场供应品的零售和批发
61,Agricultural/Food Science Technician,农业/食品科学技师,
62,"Agriculture, Forestry, Fishing, and Hunting",农业、林业、渔业和狩猎业,
63,Agronomy and Crop Science,农学和作物科学,
64,Air Traffic Controller,空中交通管制员,
65,Aircraft Cargo Handling Supervisor,飞机货物装卸主管,飞机货物处理主管
66,Aircraft Mechanic,飞机机械师,
67,Aircraft Systems Assembler,飞机系统组装员,
68,Airfield Operations Specialist,机场运营专员,机场运营专家
69,Airframe Mechanics and Aircraft Maintenance Technology/Technician,机身机械学和飞机维修技术/技师,机身机械学和飞机维护技术/技师
70,Airline Flight Attendant,航空公司乘务员,
71,Airline Pilot/Flight Engineer,航空公司飞行员/飞行工程师,航空公司飞行员/空中机械师
72,Airline/Commercial/Professional Pilot and Flight Crew,航空公司/商业/专业飞行员和机组人员,
73,Ambulance Driver,救护车司机,
74,American scientists pioneered a new technique in control precision today.,今天，美国科学家在控制精度方面开创了一项新技术。,
75,Amusement Attendant,娱乐服务员,游乐场工作人员
76,Analyzing data and information,分析数据和信息,
77,Anesthesiologist,麻醉师,
78,Animal Control Worker,动物管理人员,
79,"Animal Sciences, General",动物科学，普通,动物科学（普通）
80,Animal Scientist,动物科学家,
81,Animal Trainer,驯兽师,
82,"Antarctic scientists pioneered a new technique in outdoors, exposed to weather today.",今天，南极科学家开创了一项暴露于户外天气的新技术。,
83,Antarctic scientists unveiled an algorithm capable of night vision.,南极科学家公布了一种夜视算法。,
84,Anthropologist/Archeaologist,人类学家/考古学家,
85,Anthropology,人类学,
86,Antiguan scientists performs multilimb coordination like a human.,安提瓜科学家执行像人类一样的多肢体协调。,安提瓜科学家发明的一种算法可以像人类一样进行多肢体协调的操作。
87,Apparel and Textile Manufacture,服装和纺织制造业,
88,Appliance Installation and Repair Technology/Technician,电器安装和修理技术/技师,
89,Applications Software Developer,应用软件开发师,
90,"Applied Horticulture/Horticulture Operations, General",应用园艺/园艺运营，一般,应用园艺学/园艺运营（普通）
91,Apr,四月,
92,Arbitrator,仲裁员,
93,Architect,建筑师,
94,Architectural And Engineering Manager,建筑与工程经理,
95,Architectural Drafter,建筑制图员,建筑绘图员
96,Architecture,建筑,
97,Archivist,档案管理员,
98,Arm-Hand Steadiness,手臂稳定,手臂稳定性
99,Art Director,艺术总监,
100,"Art History, Criticism and Conservation",艺术史、批评与保护,艺术史、艺术评论和艺术保护
101,"Art/Art Studies, General",艺术/艺术研究，普通,艺术/艺术研究（普通）
102,"Artist, Performer, And Athlete Agent",艺术家、演员和运动员经纪人,艺术家、表演者和运动员的经纪人
103,Artistic,艺术的,
104,Arts and Humanities,艺术和人文,
105,"Arts, Entertainment, and Recreation",艺术、娱乐和休闲,
106,Assisting and Caring for Others,协助和照顾他人,
107,Astronomer,天文学家,
108,Astronomy,天文学,
109,Athlete,运动员,
110,Athletic Trainer,体育教练,
111,Athletic Training/Trainer,体育训练/教练,
112,"Atmospheric Sciences and Meteorology, General",大气科学和气象学,大气科学和气象学（普通）
113,Atmospheric Scientist,高等教育科学家,大气科学家
114,Audio And Video Equipment Technician,音频和视频设备技师,
115,Audiologist,听力学专家,听力学家
116,Audiology/Audiologist and Speech-Language Pathology/Pathologist,听力学/听力学家和言语病理学/病理学家,
117,Auditory Attention,听觉注意力,
118,Aug,八月,
119,Australian scientists performs depth perception like a human.,澳大利亚科学家执行像人类一样的深度感知。,澳大利亚科学家发明的一种新算法可以像人类一样进行深度感知的操作。
120,Austrian researchers pioneered a new technique in mechanical today.,今天，奥地利研究人员在机械方面开创了一种新技术。,今天，奥地利研究人员在机械方面开创了一项新技术。
121,Auto Insurance Appraiser,汽车保险评估师,
122,Autobody/Collision and Repair Technology/Technician,车身/碰撞与修复技术/技术员,
123,Automobile/Automotive Mechanics Technology/Technician,汽车/汽车机械技术/技师,
124,Automotive And Watercraft Service Attendant,汽车和船舶服务服务员,汽车和船舶服务员
125,Automotive Body Repairer,汽车修理工,汽车车身修理工
126,Automotive Glass Installer/Repairer,汽车玻璃安装/修理工,汽车玻璃安装工/修理工
127,Automotive Mechanic,汽车机械师,
128,Avionics Maintenance Technology/Technician,航空电子维修技术/技师,航空电子设备维护技术/技师
129,Avionics Technician,航空电子设备技师,
130,Azeri engineers unveiled an algorithm capable of gross body equilibrium.,阿泽里工程师们公布了一种人体整体平衡的算法。,阿塞拜疆工程师公布的一项新算法可以像人类一样保持整体身体平衡。
131,Baggage Porter,行李搬运工,
132,Bahamian researchers performs spend time standing like a human.,巴哈马的研究人员执行像人类一样站立。,巴哈马研究人员发明的一种新算法可以像人类一样花费时间执行站立的动作。
133,Bahraini engineers performs hearing sensitivity like a human.,巴林的工程师执行像人类一样的听觉敏感度。,巴林工程师发明的一项新算法可以像人类一样拥有听觉敏感度。
134,Bailiff,法警,
135,Baker,面包师,烘培师
136,Baking and Pastry Arts/Baker/Pastry Chef,烘焙和糕点艺术/面包师/糕点师,烘焙和糕点艺术/烘培师/糕点师
137,Banking and Financial Support Services,银行和金融支持服务,
138,Barber,理发师,
139,Barbering/Barber,理发/理发师,
140,Bartender,调酒师,
141,Bartending/Bartender,调酒/调酒师,
142,Basotho researchers performs spend time making repetitive motions like a human.,巴索托（Basotho）研究人员执行像人类一样做重复的动作。,巴苏陀研究人员发明的一种新算法可以像人类一样花费时间执行重复动作。
143,Being competitive,有竞争力|,竞争力强
144,Being exact or accurate,精确或正确,表达准确或精准
145,Being responsible for others' health and safety,对他人的健康和安全负责,对他人的健康和安全有责任心
146,Being responsible for outcomes,对结果负责,对结果有责任心
147,Belizean scientists unveiled an algorithm capable of auditory attention.,伯利兹的科学家们公布了一种听觉注意力的算法。,伯利兹科学家公布的一种新算法可以像人类一样拥有听觉注意力。
148,Bending and twisting the body,弯曲和扭曲身体,弯曲和扭动身体
149,Bible/Biblical Studies,圣经/圣经研究,
150,Bicycle Repairer,自行车修理工,
151,Bill And Account Collector,收账员,收账人
152,Billing Clerk,开票员,
153,Biochemist/Biophysicist,生物化学家/生物物理学家,
154,Biochemistry,生物化学,
155,Bioengineering and Biomedical Engineering,生物工程和生物医学工程,
156,Biological Scientist,生物科学家,
157,Biological Technician,生物技师,生物技术人员
158,Biology,生物学,
159,Biology Technician/Biotechnology Laboratory Technician,生物技师/生物技术实验室技师,生物技术人员/生物工程实验室技术人员
160,"Biology/Biological Sciences, General",生物学/生物科学，普通,生物学/生物科学（普通）
161,Biomedical Engineer,生物医学工程师,
162,Biomedical Technology/Technician,生物医学技术/技师,生物医学技术/技术人员
163,Blasting/Blaster,爆破/爆破工,
164,Boiler Operator,锅炉工,
165,Boilermaker,锅炉制造工,
166,Boilermaking/Boilermaker,锅炉制造/锅炉制造工,
167,Booth Cashier,展位兑钞员,展位收银员
168,Bosnian scientists unveiled an algorithm capable of deal with external customers.,波斯尼亚科学家公布了一种能够与外部客户打交道的算法。,波斯尼亚科学家公布的一种新算法可以与外来客户打交道。
169,Bouvet Island scientists performs time sharing like a human.,布维岛的科学家执行像人类一样分时。,布维岛科学家发明的一种新算法可以像人类一样执行分时。
170,Bouvet Island scientists pioneered a new technique in physical proximity today.,今天，布维岛的科学家们在身体靠近方面开创了一项新技术。,今天，布维岛科学家在物理接近方面开创了一项新技术。
171,Brazilian scientists pioneered a new technique in exposed to high places today.,今天，巴西科学家在开创了一项暴露于高处的新技术。,今天，巴西科学家开创了一项可以在高处执行任务的新技术。
172,Brickmason,砖匠,砌砖工
173,Bridge And Lock Tenders,桥梁和船闸投标员,
174,British Virgin Island engineers pioneered a new technique in quality control analysis today.,今天，英属维尔京群岛的工程师开创了一种新的质量控制分析技术。,今天，英属维京群岛工程师在质量控制分析方面开创了一项新技术。
175,"British engineers performs inspecting equipment, structures, or material like a human.",英国工程师执行像人类一样检查设备、结构或材料。,英国工程师发明的一种新算法可以像人类一样检查设备、结构、材料。
176,British scientists pioneered a new technique in building and construction today.,今天，英国科学家在建筑方面开创了一种新技术。,今天，英国科学家在建设施工方面开创了一项新技术。
177,British scientists unveiled an algorithm capable of very hot or cold temperatures.,英国科学家公布了一种可以在极高或极低温度下工作的算法。,
178,Broadcast News Analyst,广播新闻分析师,
179,Broadcast Technician,广播技师,广播技术人员
180,Brokerage Clerk,经纪文员,证券经纪人
181,Bruneian scientists pioneered a new technique in time pressure today.,今天，布鲁尼的科学家开创了一种时间压力的新技术。,今天，汶莱科学家在时间压力方面开创了一项新技术。
182,Budget Analyst,预算分析师,
183,Building and Construction,建筑和施工,
184,Building/Construction Site Management/Manager,建筑/施工现场管理/经理,
185,Building/Home/Construction Inspection/Inspector,建筑物/房屋/施工检查/检查员,
186,Building/Property Maintenance,建筑/房地产维护,建筑/物业维护
187,"Burkinabé researchers performs indoors, not environmentally controlled like a human.",Burkinab√©研究人员执行像人类一样在室内行动，而不受环境控制。,布吉纳法索研究人员发明的一种新算法可以在室内操作，不像人类一样受环境限制。
188,Burmese researchers unveiled an algorithm capable of visual color discrimination.,缅甸研究人员公布了一种视觉颜色识别的算法。,缅甸研究人员公布的一种新算法拥有视觉颜色识别能力。
189,"Business Administration and Management, General",工商管理，普通,工商管理（普通）
190,Business Operations Specialist,业务运营专员,业务运营专家
191,Business and Management,商业和管理,
192,Business/Office Automation/Technology/Data Entry,商业/办公自动化/技术/数据输入,
193,Butcher,屠夫,
194,Buyer,采购员,
195,Cabinetmaker,家具师,橱柜匠
196,Cabinetmaking and Millwork,橱柜制作和细木工,橱柜制作和磨光
197,Cafeteria Attendant,自助餐厅服务员,
198,Cafeteria Cook,自助餐厅厨师,
199,Cambodian engineers performs dynamic strength like a human.,柬埔寨的工程师们执行像人类一样的动态强度。,柬埔寨工程师发明的一种新算法可以像人类一样操作动态强度。
200,Camera Operators,摄像机操作员,
201,Canadian engineers unveiled an algorithm capable of level of competition.,加拿大工程师公布了一种竞争力水平算法。,加拿大工程师发布的一种新算法可以像人类一样保持一定的竞争力水平。
202,Cardiovascular Technologist,心血管技术员,
203,Cardiovascular Technology/Technologist,心血管技术/技术员,
204,Cargo And Freight Agent,货运代理,货运和船运代理
205,Carpenter,木匠,
206,Carpenter Helper,木匠助手,
207,Carpentry/Carpenter,木工/木匠,
208,Carpet Installer,地毯安装工,
209,"Carpet, Floor, and Tile Worker",地毯、地板和瓷砖工,
210,Cartographer,制图员,
211,Cashier,收银员,
212,Casino Management,赌场管理,
213,Category Flexibility,类别灵活性,
214,Cement Masons And Concrete Finisher,水泥泥瓦和混凝土饰面工,泥瓦匠和水泥工
215,Central African engineers pioneered a new technique in sound localization today.,中非的工程师们今天开创了一种声音定位的新技术。,今天，中非工程师在声音定位方面开创了一项新技术。
216,Chef,厨师,
217,Chemical Engineer,化学工程师,
218,Chemical Engineering,化学工程,
219,Chemical Equipment Operator,化工设备操作员,
220,Chemical Plant Operator,化工厂操作员,
221,Chemical Technician,化学技师,化学技术人员
222,Chemical Technology/Technician,化学技术/技师,化学技术/技术人员
223,Chemist,化学家,
224,Chemistry,化学,
225,"Chemistry, General",化学，普通,化学（普通）
226,Chief Executive,首席执行官,
227,Child Care Provider/Assistant,儿童保健师/助理,儿童保育员/助手
228,Child Development,儿童发展,
229,Childcare Worker,儿童保育员,
230,Chinese scientists unveiled an algorithm capable of spend time keeping or regaining balance.,中国科学家公布了一种能够保持或恢复平衡的算法。,中国科学家公布了一种新算法拥有保持或恢复平衡的能力。
231,Chiropractic,脊椎按摩疗法,
232,Chiropractor,脊椎按摩师,
233,Choreographer,编舞,
234,Christmas Island scientists performs consequence of error like a human.,圣诞岛科学家执行像人类一样处理错误后果。,圣诞岛科学家发明的一种新算法可以像人类一样处理失误后果。
235,Christmas Island scientists performs transportation like a human.,圣诞岛的科学家执行像人类一样进行运输。,圣诞岛科学家发明的一种新算法可以像人类一样进行运输的操作。
236,Cinematography and Film/Video Production,电影摄影和电影/视频制作,摄影和电影/视频制作
237,"City/Urban, Community and Regional Planning",城市/城区、社区和区域规划,
238,Civil Engineer,土木工程师,
239,"Civil Engineering, General",土木工程，普通,土木工程（普通）
240,Civil Technician,土木技师,土木技术人员
241,Claims Investigator,理赔调查员,
242,Clergy,神职人员,
243,Clerical,文书的,文书工作
244,Clerical Library Assistant,图书馆文员,
245,"Climbing ladders, scaffolds, and poles",爬梯子、脚手架和杆子,
246,Clinical Laboratory Science/Medical Technology/Technologist,临床检验科学/医疗技术/技术员,临床实验科学/医疗技术/技术员
247,Clinical Psychologist,临床心理学家,
248,Clinical/Medical Laboratory Technician,临床/医学实验室技术员,临床/医疗实验室技术人员
249,Coach/Scout,教练/侦察员,
250,Coaching and Developing Others,指导和发展他人,
251,Coating/Spraying Machine Operator,涂层/喷涂机床操作员,涂布机/喷涂机操作员
252,Cocos Island engineers performs extremely bright or inadequate lighting like a human.,科科斯岛的工程师们执行像人类一样暴露于极其明亮或昏暗的照明环境。,科科斯岛工程师发明的一种新算法可以像人类一样在强光或不足光的情况下工作。
253,Cognitive Abilities,认知能力,
254,Coil Winder,卷线机,
255,Commercial Diver,商业潜水员,
256,Commercial Pilot,商业飞行员,
257,Communicating with Persons Outside Organization,与组织外部人员沟通,
258,"Communicating with Supervisors, Peers, or Subordinates",与主管、同事或下属沟通,
259,Communications,通信,
260,Communications Systems Installation and Repair Technology,通信系统安装与修理技术,
261,Communications and Media,传播和媒体,
262,Community Health Worker,社区卫生工作者,
263,Community Organization and Advocacy,社区组织和宣传,
264,Comorian researchers pioneered a new technique in on-the-job training today.,科摩罗的研究人员今天开创了一种在职培训新技术。,今天，科摩罗研究人员开创了一项在职培训的新技术。
265,Compensation And Benefits Manager,薪酬福利经理,
266,Complex Problem Solving,解决复杂问题,
267,Complex Problem Solving Skills,复杂问题解决技能,解决复杂问题的能力
268,Compliance Officer,合规官,合规官员
269,Computer And Information Systems Manager,计算机和信息系统经理,
270,"Computer Engineering, General",计算机工程，普通,计算机工程（普通）
271,Computer Hardware Engineer,计算机硬件工程师,
272,Computer Installation and Repair Technology/Technician,电脑安装和维修技术/技师,
273,Computer Network Architect,计算机网络架构师,
274,Computer Network Support Specialist,计算机网络支持专员,计算机网络支持专家
275,Computer Numerically Controlled (CNC) Machinist Technology/CNC Machinist,计算机数控（CNC）机械师技术/计算机数控机械师,计算机数控技术机械师技术/机械师
276,Computer Operator,计算机操作员,
277,Computer Programmer,计算机程序员,
278,Computer Repairer,计算机修理工,
279,Computer Science,计算机科学,
280,Computer Scientist,计算机科学家,
281,Computer Support Specialist,计算机支持专员,计算机支持专家
282,Computer Systems Analyst,计算机系统分析员,
283,Computer Technician,计算机技师,
284,Computer User Support Specialist,计算机用户支持专员,计算机用户支持专家
285,"Computer and Information Sciences, General",计算机和信息科学，普通,计算机和信息科学（普通）
286,Computer-Controlled Machine Tool Operator,计算机控制机床操作员,
287,Computer-Controlled Machine Tool Programmer,计算机控制机床编程师,
288,Computers and Electronics,电脑和电子,
289,Concierge,礼宾员,看门人
290,Concrete Finishing/Concrete Finisher,混凝土精整/混凝土饰面工,
291,Conservation Scientist,保护科学家,环保科学家
292,Conservation Technician,保护技师,环保技术人员
293,Construction,建筑施工,
294,Construction Engineer,施工工程师,
295,Construction Engineering Technology/Technician,建筑工程技术/技师,建筑施工工程技术/技术人员
296,Construction Laborer,建筑工人,施工劳务人员
297,Construction Manager,施工经理,
298,Construction Painter,建筑油漆工,
299,Construction Trade Supervisor,施工监理,施工贸易主管
300,Construction Worker,建筑工人,
301,Construction/Building Inspector,施工/建筑检查员,
302,Construction/Heavy Equipment/Earthmoving Equipment Operation,施工/重型设备/土方设备操作,
303,Contact With Others,与他人联系,
304,Content,内容,
305,Continuous Mining Machine Operator,连续采矿机操作员,
306,Control And Valve Installer/Repairer,控制和阀门安装/维修工,控制和阀门安装工/维修工
307,Control Precision,控制精度,
308,Controlling Machines and Processes,控制机器和过程,
309,Conventional,传统的,传统
310,Conveyor Operator,输送机操作员,
311,Cooling/Freezing Equipment Operator,冷却/冷冻设备操作员,
312,Coordinating the Work and Activities of Others,协调他人的工作和活动,
313,Coordination,协调,
314,Coordination and leading others,协调和领导他人,
315,Correctional Officer,惩教,狱警
316,Correctional Officer Supervisor,惩教主管,狱警主管
317,"Corrections and Criminal Justice, Other",惩教和刑事司法，其他,惩教和刑事司法（其他）
318,Correspondence Clerk,通讯文员,
319,"Cosmetology/Cosmetologist, General",美容/美容师，普通,美容/美容师（普通）
320,Cost Estimator,造价工程师,
321,Costa Rican engineers unveiled an algorithm capable of glare sensitivity.,哥斯达黎加的工程师们公布了一种眩光敏感度的算法。,哥斯达黎加工程师公布的一种新算法拥有眩光敏感度。
322,Costume Attendant,服装服务员,服装助理
323,Counselor Education/School Counseling and Guidance Services,辅导员教育/学校辅导与指导服务,
324,Counter Attendant,柜台服务员,
325,Courier,通讯员,
326,Court Clerk,法院文员,
327,Court Reporter,法庭记者,法庭书记官
328,Court Reporting/Court Reporter,法院报告/法院报告员,法院报告/法院书记官
329,Craft Artist,工艺艺术家,
330,"Cramped Work Space, Awkward Positions",狭窄的工作空间，尴尬的位置,
331,Crane And Tower Operator,塔吊操作员,起重机操作员/塔台指挥员
332,Credit Analyst,信贷分析师,
333,Credit Authorizer,信贷授权人,
334,Credit Counselor,信贷顾问,
335,Criminal Investigator,刑事调查员,
336,Criminal Justice/Police Science,刑事司法/警察科学,刑事司法/公安学
337,Criminal Justice/Safety Studies,刑事司法/安全研究,
338,Critical Thinking,批判性思维,
339,Crossing Guard,协管员,
340,Culinary Arts/Chef Training,烹饪艺术/厨师培训,
341,Curator,馆长,
342,Curriculum and Instruction,课程和教学,
343,Customer Service Representative,客户服务专员,客服专员
344,Customer Service Support/Call Center/Teleservice Operation,客户服务支持/呼叫中心/电话服务运营,客服支持/客户服务中心/电信服务操作
345,Customer and Personal Service,客户和个人服务,
346,Cutting/Punching/Press Machine Operator,切割/打孔/冲压机操作员,
347,Cutting/Slicing Machine Operator,切割/切片机操作员,
348,"Dance, General",舞蹈，一般,舞蹈（普通）
349,Data Entry Keyer,数据输入员,
350,Data Processing and Data Processing Technology/Technician,数据处理和数据处理技术/技师,
351,Database Administrator,数据库管理员,
352,Dealing with external customers,与外部客户打交道,
353,Dealing with physically aggressive people,与身体有攻击性的人打交道,
354,Dealing with unpleasant or angry people,与不愉快或愤怒的人打交道,与不随和或愤怒的人打交道
355,Dec,十二月,
356,Deductive Reasoning,演绎推理,
357,Degree of Automation,自动化程度,
358,Dental Assistant,牙科助理,
359,Dental Assisting/Assistant,牙科协助/助理,
360,Dental Hygiene/Hygienist,口腔卫生/保健师,牙科卫生/保健师
361,Dental Hygienist,牙科保健师,
362,Dental Laboratory Technician,牙科实验室技师,
363,Dental Laboratory Technology/Technician,牙科实验室技术/技师,
364,Dentist,牙医,
365,Dentistry,牙科,
366,Depth Perception,深度感知,
367,Derrick Operator,起重机操作员,
368,Design,设计,
369,"Design and Visual Communications, General",设计与视觉传达，一般,设计与视觉传媒（普通）
370,Desktop Publisher,桌面发行商,桌面排版员
371,Developing Objectives and Strategies,制定目标和策略,
372,Developing and Building Teams,开发和建设团队,
373,Developmental Services Worker,特殊教育工作者,
374,Diagnostic Medical Sonographer,超声诊断医师,医学诊断声纳员
375,Diagnostic Medical Sonography/Sonographer and Ultrasound Technician,诊断医学超声检查/超声专家和超声技师,超声诊断学/医学诊断声纳员/超声波技术人员
376,Diesel Engine Specialist,柴油机专员,柴油机专家
377,Diesel Mechanics Technology/Technician,柴油机机械技术/技师,
378,Dietetic Technician,营养技师,
379,Dietetics/Dietitian,营养学/营养师,
380,Dietitian,营养师,
381,Dishwasher,洗碗工,
382,Dispatcher,调度员,
383,"Diver, Professional and Instructor",潜水员、专业人员和教练,
384,Divinity/Ministry,神职/牧师,
385,Doctoral Degree,博士学位,
386,Documenting/Recording Information,整理/记录信息,
387,Dog/Pet/Animal Grooming,狗/宠物/动物美容,
388,Dominican researchers unveiled an algorithm capable of spend time bending or twisting the body.,多米尼加研究人员公布了一种弯曲或扭曲身体的算法。,多米尼加研究人员公布的一种新算法可以执行弯曲或者扭动身体的动作。
389,"Drafting and Design Technology/Technician, General",制图和设计技术/技术员，普通,制图和设计技术/技术员（普通）
390,"Drama and Dramatics/Theatre Arts, General",戏剧和戏剧学/戏剧艺术，一般,戏剧和戏剧学/戏剧艺术（普通）
391,Dredge Operator,疏浚操作员,
392,Drilling/Boring Machine Tool Operator,钻孔/镗孔机床操作员,
393,Driver/Sales Worker,司机/销售员,
394,Drywall Installation/Drywaller,石膏板安装/安装工,干式墙安装/安装工
395,Drywall Installer,石膏板安装工,干式墙安装工
396,Duration of Typical Work Week,典型工作周的持续时间,
397,Dynamic Flexibility,动态柔韧性,动态灵活性
398,Dynamic Strength,动态强度,
399,Early Childhood Education and Teaching,幼儿教育与教学,学前教育与教学
400,Earth Driller,土钻工,
401,Economics and Accounting,经济学和会计,
402,"Economics, General",经济学，普通,经济学（普通）
403,Economist,经济学家,
404,Ecuadorian researchers unveiled an algorithm capable of exposed to disease or infections.,厄瓜多尔研究人员公布了一种暴露于疾病或感染的算法。,厄瓜多尔研究人员公布的一种新算法可以在暴露于疾病或传染病的情况下工作。
405,Editor,编辑,
406,Education Administrator,教育管理员,
407,Education and Training,教育和培训,
408,"Education, General",教育，普通,教育（普通）
409,"Educational Leadership and Administration, General",教育领导和管理，普通,教育领导和管理（普通）
410,Educational Services,教育服务,
411,Educational/Instructional Technology,教育/教学技术,
412,Egyptian scientists unveiled an algorithm capable of arm-hand steadiness.,埃及科学家公布了一种臂-手保持稳定的算法。,埃及科学家公布的一种新算法可以像人类一样保持手臂稳定性。
413,Electric Motor Repairer,电机修理工,电动机修理工
414,Electrical Drafter,电气制图员,
415,Electrical Engineer,电气工程师,
416,Electrical Equipment Assembler,电气设备装配工,
417,Electrical Power-Line Installer/Repairer,电线安装/修理工,
418,Electrical Technician,电气技师,
419,Electrical and Electronics Engineering,电子电气工程,
420,"Electrical, Electronic and Communications Engineering Technology/Technician",电气、电子和通信工程技术/技师,
421,"Electrical/Electronics Equipment Installation and Repair, General",电气/电子设备安装和修理，普通,电气/电子设备安装和修理（普通）
422,Electrician,电工,
423,Electrician Helper,电工助手,
424,Electro-Mechanical Technician,机电技师,
425,Electromechanical Equipment Assembler,机电设备装配工,
426,Electronic Mail,电子邮件,
427,Electronics Engineer,电子工程师,
428,Elementary Education and Teaching,基础教育和教学,小学教育和教学
429,Elementary School Teacher,小学教师,
430,Elevator Installer/Repairer,电梯安装/修理工,
431,Embalmer,入殓师,
432,Emergency Care Attendant (EMT Ambulance),急诊救护员（EMT 救护车）,急诊救护员（救护车急救医务人员）
433,Emergency Management Director,应急管理主管,
434,Emergency Medical Technology/Technician (EMT Paramedic),紧急医疗技术/技师(紧急医疗救护技术员),急救技术/技师（急诊医师和紧急救护员）
435,Emiri scientists pioneered a new technique in selective attention today.,今天，阿联酋科学家开创了选择性注意力的新技术。,今天，阿联酋科学家在选择性注意力方面开创了一项新技术。
436,Enduring contaminants,忍受污染物,
437,Enduring diesase or infection,忍受疾病或感染,
438,Enduring environmentally unstable indoors,忍受不稳定的室内环境,
439,Enduring hazardous conditions,忍受危害条件,
440,Enduring hazardous equipment,忍受危害设备,
441,Enduring high places,忍受高处,忍受高空作业
442,Enduring minor injuries,忍受轻伤,
443,Enduring outdoor weather,忍受户外天气,
444,Enduring radiation,忍受辐射,
445,Enduring uncomfortable sounds,忍受令人不舒服的声音,
446,Enduring very bright and dim lighting,忍受非常明亮和昏暗的照明,忍受强光和不足光
447,Enduring very hot and cold temperatures,忍受极高和极低的温度,
448,Enduring whole body vibrations,忍受全身振动,
449,Engine Assembler,发动机装配工,
450,Engine Machinist,发动机机械师,
451,Engineer,工程师,
452,Engineering Technician,工程技师,
453,Engineering and Technology,工程和技术,
454,"Engineering, General",工程，普通,工程（普通）
455,English Language,英语,
456,"English Language and Literature, General",英语语言文学，普通,英语语言文学（普通）
457,Enterprising,有进取心的,有进取心
458,Environmental Engineer,环境工程师,
459,Environmental Engineering Technology/Environmental Technology,环境工程技术/环境技术,
460,Environmental Health,环境卫生,
461,Environmental Health Technician,环境卫生技师,
462,Environmental Science,环境科学,
463,Environmental Scientist,环境科学教师,环境科学家
464,Environmental Technician,环境技师,
465,Environmental/Environmental Health Engineering,环境/环境卫生工程,
466,Epidemiologist,流行病学家,
467,Epidemiology,流行病学,
468,Equestrian/Equine Studies,马术/马术研究,
469,Equipment Maintenance,设备维护,
470,Equipment Selection,设备选型,
471,Establishing and Maintaining Interpersonal Relationships,建立和维持人际关系,
472,"Estimating the Quantifiable Characteristics of Products, Events, or Information",预估产品，事件或信息的可量化特征,
473,Etcher/Engraver,蚀刻机/雕刻机操作员,
474,Ethiopian researchers unveiled an algorithm capable of responsible for others' health and safety.,埃塞俄比亚研究人员公布了一种对他人的健康和安全负责的算法。,埃塞俄比亚研究人员公布的一种新算法可以对他人的健康与安全负责。
475,Ethiopian scientists pioneered a new technique in work schedules today.,今天，埃塞俄比亚科学家在开创了一项工作进度表的新技术。,今天，埃塞俄比亚科学家在工作进度表方面开创了一项新技术。
476,Event Planner,活动策划人,
477,Excavating/Loading Machine Operator,挖掘机/装载机操作员,
478,Executive Administrative Assistant,行政助理,行政管理助理
479,Exercise Physiologist,运动生理学家,
480,Explosive Strength,爆炸强度,
481,Explosives Worker,爆破员,
482,Extent Flexibility,高度柔韧性,程度灵活性
483,Extraction Worker Helper,采掘工人助手,
484,Extruding/Drawing Machine Operator,挤压/拉丝机操作员,
485,Extruding/Forming Machine Operator,挤压/成型机操作员,
486,Fabric Mender,面料修补工,
487,Fabric/Apparel Patternmaker,面料/服装打版师,
488,Face-to-Face Discussions,面对面讨论,
489,Faller,伐木工,
490,Family Practice Nurse/Nursing,家庭执业护士/护理,家庭护士/护理
491,Family Social Worker,家庭社工,
492,Far Vision,远距离视觉,
493,Farm And Home Management Advisor,农场和家庭管理顾问,
494,Farm Equipment Mechanic,农机机械师,农场机械设备技工
495,Farm Labor Contractor,农场劳务承包人,农场劳务承包商
496,Farm Product Buyer,农产品采购员,
497,Farmer,农民,
498,Farming/Fishing/Forestry Supervisor,农业/渔业/林业主管,
499,Farmworker,农工,农场工人
500,Fashion Designer,时装设计师,
501,Fashion Merchandising,时尚营销,时尚商品推销
502,Fashion Modeling,时装造型,时装模特工作
503,Fashion/Apparel Design,时尚/服装设计,
504,Fast Food Cook,快餐厨师,
505,Feb,二月,
506,Fence Erector,栅栏安装工,
507,Fiberglass Fabricator,玻璃纤维制造员,
508,File Clerk,档案文员,
509,Film Editor,电影编辑,
510,Finance and Insurance,金融和保险,
511,"Finance, General",财务，普通,财务（普通）
512,Financial Analyst,金融分析师,
513,Financial Examiner,金融审核员,
514,Financial Manager,财务经理,
515,Financial Planning and Services,财务规划与服务,
516,Financial Specialist,财务专员,金融专家
517,Fine Artist,美术师,
518,Fine Arts,美术,
519,Finger Dexterity,手指灵巧度,
520,Finnish engineers performs repairing and maintaining electronic equipment like a human.,芬兰工程师执行像人类一样修理和维护电子设备。,芬兰工程师发明的一种新算法可以像人类一样修理和维护电子设备。
521,"Finnish researchers performs spend time kneeling, crouching, stooping, or crawling like a human.",芬兰研究人员执行像人类一样的跪、蹲、弯腰或爬行。,芬兰研究人员发明的一种新算法可以像人类一样花费时间执行跪、蹲、弯腰、爬的动作。
522,Fire Inspector,消防监督员,
523,Fire Science/Fire-fighting,消防科学/消防,
524,Fire Services Administration,消防管理,
525,Firefighter,消防员,
526,Firefighter Supervisor,消防员主管,
527,First Interest High-Point,第一兴趣高点,
528,First Professional Degree,第一专业学位,
529,Fish And Game Warden,渔猎管理员,
530,Fisher,渔夫,
531,Fitness Trainer,健身教练,
532,Flexibility of Closure,闭合灵活性,
533,Flight Attendant,空乘,
534,Floor Layer,铺砖工,
535,Floor Sander/Finisher,美缝工,地板砂光工/地板工
536,Floral Designer,花艺设计师,
537,Fluency of Ideas,思想流利,想法的流畅度
538,Food And Tobacco Machine Operator,食品和烟草机床操作员,
539,Food Batchmaker,食品配料工,
540,Food Cooking Machine Operator,食品烹饪机操作员,
541,Food Preparation And Service Worker,食物制备和服务员,
542,Food Preparation Supervisor,食物制备主管,
543,Food Preparation Worker,配菜工,
544,Food Preparation/Professional Cooking/Kitchen Assistant,食物制备/专业烹饪/厨房助理,
545,Food Production,食品生产,
546,Food Science,食物科学,
547,Food Scientist,食品科学家,
548,Food Service Manager,餐饮服务经理,
549,Food Technology and Processing,食品技术与加工,
550,Foreign Language,外语,
551,Forensic Science and Technology,法医科学与技术,
552,Forensic Technician,法医技师,法医技术人员
553,Forest And Conservation Worker,护林员,
554,Forest Fire Inspector,森林防火巡查员,
555,Forest Technology/Technician,林业技术/技师,
556,Forester,森林管理员,
557,Forging Machine Operator,锻压机操作员,
558,Forming/Compacting Machine Operator,成型/压实机操作员,
559,Foundry Mold And Coremaker,铸模和制芯工,铸模工和制芯工
560,Fow Game Translations_zh,${amount} 生活,
561,Freedom to Make Decisions,自由决策,决策自由
562,Frequency of Conflict Situations,冲突情况的发生频率,冲突的发生频率
563,Fundraiser,筹款人,
564,Funeral Attendant,殡仪员,
565,Funeral Director,殡仪主管,
566,Funeral Service Manager,殡葬服务经理,
567,"Funeral Service and Mortuary Science, General",葬礼服务和殡葬科学，普通,葬礼服务和殡仪馆学（普通）
568,Furnace/Kiln Operator,炉/窑巡窑工,锅炉/炉窑操作工
569,Furniture Design and Manufacturing,家具设计与制造,
570,Furniture Finisher,家具饰面工,
571,Gabonese engineers performs duration of typical work week like a human.,加蓬的工程师执行像人类一样忍受典型周工作时间。,加蓬工程师发明的一种新算法可以像人类一样进行一个典型周的持续工作。
572,Gaming Book Writer,游戏书作者,
573,Gaming Cage Worker,赌场兑钞员,
574,Gaming Dealer,游戏发牌员/赌场荷官,
575,Gaming Investigator,游戏调查员,
576,Gaming Manager,游戏经理,
577,Gaming Supervisor,游戏监督员,
578,Gas Plant Operator,天然气设施操作员,
579,Gas Pumping Station Operator,加气站操作员,天然气泵站操作员
580,General Office Occupations and Clerical Services,普通办公室职业和文秘服务,
581,General Practitioner,全科医生,
582,Genetic Counseling/Counselor,遗传咨询/顾问,
583,Genetic Counselor,遗传顾问,
584,Geographer,地理学家,
585,Geographic Information Science and Cartography,地理信息科学与制图学,
586,Geography,地理,
587,Geological And Petroleum Technician,地质和石油技师,
588,Geological Engineer,地质工程师,
589,Geological/Geophysical Engineering,地质/地球物理工程,
590,"Geology/Earth Science, General",地质/地球科学，普通,地质/地球科学（普通）
591,Georgian scientists performs food production like a human.,格鲁吉亚科学家执行像人类一样进行食品生产。,格鲁吉亚科学家发明的一种新算法可以像人类一样进行食品生产。
592,Geoscientists,地质学家,
593,German engineers pioneered a new technique in deal with unpleasant or angry people today.,今天，德国工程师开创了一种应对不愉快或愤怒人群的新技术。,今天，德国工程师开创了一项新技术可以应对不随和或者愤怒的人。
594,Getting Information,获取信息,
595,Gibraltar engineers pioneered a new technique in operation and control today.,直布罗陀的工程师今天开创了一项操作和控制的新技术。,今天，直布罗陀工程师在操作和控制方面开创了一项新技术。
596,Glare Sensitivity,眩光敏感度,
597,Glazier,玻璃工,
598,Government,政府,
599,Government Program Eligibility Interviewer,政府项目资格审查员,
600,Graduate Teaching Assistant,研究生助教,
601,"Graphic Communications, General",图形传播，一般,图文传播（普通）
602,"Graphic Communications, Other",图文传播，其他,图文传播（其他）
603,Graphic Design,平面设计,
604,Graphic Designer,平面设计师,
605,"Graphic and Printing Equipment Operator, General Production","Graphic and Printing Equipment Operator, General Production",绘图和打印设备操作员（一般生产）
606,Grinding/Polishing Machine Operator,研磨/抛光机操作员,磨齿机/抛光机操作员
607,Grinding/Polishing/Buffing Machine Tool Operator,研磨/抛光/抛光机床操作员,磨齿机床/抛光机床/擦光机床操作员
608,Gross Body Coordination,身体整体协调,
609,Gross Body Equilibrium,身体整体平衡,
610,Groundskeeping Supervisor,地勤主管,场地主管
611,Guidance Counselor,指导顾问,
612,"Guiding, Directing, and Motivating Subordinates",指导、指示和激励下属,
613,Guinean engineers performs stamina like a human.,几内亚工程师执行像人类一样的耐力。,几内亚工程师发明的一种新算法可以像人类一样拥有持久力。
614,Guinean scientists performs telephone like a human.,几内亚科学家执行像人类一样使用电话。,几内亚科学家发明的一种新算法可以像人类一样使用电话。
615,Hairdresser,理发师,
616,Hand Cutter/Trimmer,手动切割员/裁切员,
617,Hand Grinding/Polishing Worker,手磨抛光工,
618,Hand Laborer/Material Mover,人工/物料搬运工,手工劳动者/物料搬运工
619,Hand Laborer/Material Mover Supervisor,人工/物料搬运主管,手工劳动者/物料搬运工主管
620,Hand Packer,人工包装员,
621,Hand Sewer,下水道人工疏通员,
622,Handling and Moving Objects,搬运和移动物体,操纵和移动物体
623,Handling consequence of error,处理错误后果,
624,Handling frequent decisions,处理频繁的决定,
625,Handling time pressure,处理时间压力,
626,Handling work schedules,处理工作进度表,处理工作进度
627,Hazardous Materials Management and Waste Technology/Technician,有害物质管理与废物处理技术员,有害物质管理与废物处理技术/技术员
628,Hazardous Materials Removal Worker,有害物质清除工,
629,Health And Safety Engineer,健康与安全工程师,
630,Health Care and Social Assistance,卫生保健和社会救助,
631,Health Diagnosing Practitioner,健康诊断医生,
632,Health Educator,健康教育者,
633,Health Information/Medical Records Technology/Technician,健康信息/病历技术/技术员,
634,Health Services,卫生服务,
635,Health Technologist,健康技术员,卫生技术员
636,"Health and Physical Education/Fitness, General",健康和体育/健身，一般,健康和体育/健身（普通）
637,Health/Health Care Administration/Management,健康/卫生行政管理/管理,
638,Healthcare Practitioner,医疗保健师,
639,Healthcare Social Worker,医疗保健社工,
640,Healthcare Support Worker,医疗保健后勤人员,
641,Hearing Aid Specialist,助听器专员,助听器专家
642,Hearing Instrument Specialist,助听器专员,助听仪器专家
643,Hearing Sensitivity,听力敏感度,
644,Heat Treating Equipment Operator,热处理设备操作员,
645,"Heating, Air Conditioning, Ventilation and Refrigeration Maintenance Technology/Technician",供暖、空调、通风和制冷维修技术/技师,供暖、空调、通风和制冷维护技术/技师
646,"Heating, Ventilation, Air Conditioning and Refrigeration Engineering Technology/Technician",采暖、通风、空调和制冷工程技术/技师,供暖、通风、空调和制冷工程技术/技师
647,Heavy Equipment Maintenance Technology/Technician,重型设备维修技术/技师,重型设备维护技术/技师
648,Heavy/Tractor-Trailer Truck Driver,重型/牵引拖车司机,
649,Hellenic engineers pioneered a new technique in wrist-finger speed today.,今天，希腊工程师开创了一项手腕-手指速度的新技术。,今天，希腊工程师在手腕-手指速度方面开创了一项新技术。
650,"Hellenic engineers unveiled an algorithm capable of spend time climbing ladders, scaffolds, or poles.",希腊工程师公布了一项可以爬梯子、脚手架或柱子的算法。,希腊工程师公布的一种新算法可以执行爬梯子、脚手架或者柱子的动作。
651,High School Diploma,高中文凭,
652,Highway Maintenance Worker,公路养护工,
653,Historian,历史学家,
654,History and Archeology,历史和考古,
655,"History, General",历史，普通,历史（普通）
656,Hoist And Winch Operator,卷扬机操作员,吊车操作员/绞车工
657,Home Appliance Repairer,家电修理工,
658,Home Entertainment Installer/Repairer,家庭娱乐安装/修理工,
659,Home Health Aide,家庭健康助手,
660,Home Health Aide/Home Attendant,家庭健康助手/家庭服务员,家庭健康助手/家庭护理员
661,Homeland Security,国土安全,
662,Honduran engineers performs public safety and security like a human.,洪都拉斯的工程师们执行像人类一样的公共安全。,洪都拉斯工程师发明的一种新算法可以像人类一样执行公共安全。
663,"Hospitality Administration/Management, General",酒店管理/管理，一般,酒店行政/管理（普通）
664,Hotel Desk Clerk,酒店前台文员,酒店前台
665,Housekeeping Cleaner,客房保洁员,
666,"Human Development and Family Studies, General",人类发展与家庭研究，普通,人类发展与家庭研究（普通）
667,Human Resources Assistant,人力资源助理,
668,"Human Resources Management/Personnel Administration, General",人力资源管理/人事管理，普通,人力资源管理/人事管理（普通）
669,Human Resources Manager,人力资源经理,
670,Human Resources Specialist,人力资源专员,人力资源专家
671,Hvac Mechanic/Installer,暖通空调技工/安装工,
672,Hydrologist,水文学家,
673,Icelandic scientists unveiled an algorithm capable of exposed to hazardous conditions.,冰岛科学家公布了一种暴露于危险环境中的算法。,冰岛科学家公布的一种新算法可以在危险环境中工作。
674,"Identifying Objects, Actions, and Events",识别物体、动作和事件,
675,Impact of Decisions on Co-workers or Company Results,决策对同事或公司结果的影响,决策对同事或公司业绩的影响
676,In an Enclosed Vehicle or Equipment,在封闭的车辆或设备中,
677,"Indoors, Environmentally Controlled",室内、环境控制,室内，受环境限制
678,Inductive Reasoning,归纳推理,
679,Industrial Designer,工业设计师,
680,Industrial Electrical Repairer,工业电气修理工,
681,Industrial Electronics Technology/Technician,工业电子技术/技师,
682,Industrial Engineer,工业工程师,
683,Industrial Engineering,工业工程,
684,Industrial Machinery Mechanic,工业机械技工,
685,Industrial Mechanics and Maintenance Technology,工业机械和维护技术,
686,Industrial Production Manager,工业生产经理,
687,Industrial Technician,工业技师,
688,Industrial Technology/Technician,工业技术/技师,
689,Industrial Truck And Tractor Operator,工业卡车和拖拉机操作员,
690,Industrial-Organizational Psychologist,工业与组织心理学家,
691,Information,信息,
692,Information Clerk,信息文员,
693,Information Input,信息输入,
694,Information Ordering,信息排序,
695,Information Security Analyst,信息安全分析师,
696,"Inspecting equipment, structures, and material",检查设备、结构和材料,
697,Inspector/Tester,检验员/测试员,
698,Installation,安装,
699,Instructing,指导,
700,Instructional Coordinator,指导员/协调员,指导协调员
701,Instrumentation Technology/Technician,仪表技术/技师,
702,Insulation Worker,绝缘工,
703,Insulator,绝缘工,
704,Insurance,保险,
705,Insurance Claims Clerk,保险理赔员,
706,Insurance Sales Agent,保险销售代理,
707,Insurance Underwriter,保险承保人,
708,Interacting With Computers,与计算机互动,
709,Interacting With Others,与他人互动,
710,Interior Design,室内设计,
711,Interior Designer,室内设计师,
712,Internist,内科医生,
713,Interpersonal Relationships,人际关系,
714,Interpreting the Meaning of Information for Others,为他人解释信息的含义,
715,Interviewer,面签员,面试官
716,Investigative,调查性,
717,Ironworking/Ironworker,铁加工/铁匠,
718,Ivorian scientists performs letters and memos like a human.,科特迪瓦科学家执行像人类一样处理信件和备忘录。,科特迪瓦科学家发明的一种新算法可以像人类一样处理信件和备忘录。
719,Jan,一月,
720,Janitor,门卫,
721,Janitorial Supervisor,门卫主管,
722,Jeweler,珠宝匠,
723,Jewish/Judaic Studies,犹太教和犹太研究,
724,Job Analysis Specialist,工作分析专员,工作分析专家
725,Journalism,新闻学,
726,Judge,法官|,法官
727,"Judging the Qualities of Things, Services, or People",判断事物、服务或人员的质量,
728,Judgment and Decision Making,判断和决策制定,
729,Judicial Law Clerk,司法书记员,法官助理
730,Jul,七月,
731,Jun,六月,
732,Keeping and regaining balance,保持和恢复平衡,
733,Kindergarten Teacher,幼儿园教师,
734,Kinesiology and Exercise Science,运动机能学和运动科学,
735,"Kneeling, crouching, and crawling",跪、蹲和爬行,
736,Labor Relations Specialist,劳资关系专员,劳动关系专家
737,Landscape Architect,景观设计师,
738,Landscape Architecture,景观建筑,
739,Landscaping And Groundskeeping Worker,环卫工,
740,Landscaping and Groundskeeping,园林绿化和地面管理,
741,"Laotian researchers unveiled an algorithm capable of drafting, laying out, and specifying technical devices, parts, and equipment.",老挝的研究人员公布了一种起草、布局和指定技术设备、部件和设备的算法。,老挝研究人员发明的一种新算法可以起草、布局和指定技术仪器、零部件、设备。
742,Lathe/Turning Machine Tool Operator,车床/车削机床操作员,
743,Laundry/Dry-Cleaning Worker,洗衣/干洗工,
744,Law,法律,
745,Law and Government,法律和政府,
746,Law and Public Safety,法律和公共安全,
747,Lawyer,律师,
748,Learning Strategies,学习策略,
749,Legal Administrative Assistant/Secretary,法律行政助理/秘书,
750,Legal Assistant/Paralegal,法律助理/律师助理,
751,Legal Secretary,法务秘书,
752,Less than a High School Diploma,低于高中文凭,
753,Librarian,图书管理员,
754,Library Technician,图书馆技师,图书馆技术人员
755,Library and Archives Assisting,图书馆和档案馆协助,
756,Library and Information Science,图书馆和资讯科学,图书馆和信息科学
757,Licensed Practical/Vocational Nurse,执业/职业护士,持证执业护士/职业护士
758,Licensed Practical/Vocational Nurse Training,执业实务/职业护士培训,持证执业护士/职业护士培训
759,"Life, Physical, And Social Science Technician",生命、物理和社会科学技师,
760,Lifeguard,救生员,
761,Light Truck/Delivery Services Driver,轻型卡车/送货服务司机,
762,Lineworker,线路工,
763,Loan Interviewer,贷款面签员,贷款面试官
764,Loan Officer,信贷员,
765,Locker Room Attendant,更衣室服务员,
766,Locksmith,锁匠,
767,Locksmithing and Safe Repair,锁匠和安全维修,
768,Locomotive Engineer,机车工程师,
769,Lodging Manager,住宿经理,
770,Log Grader,伐木平地工,伐木等级工
771,Logging Equipment Operator,伐木设备操作员,
772,Logistician,后勤人员,
773,Logistics Manager,物流经理,
774,Machine Feeder,机床上料员,
775,Machine Shop Technology/Assistant,加工车间技术/助理,
776,Machine Tool Technology/Machinist,机床技术/机械师,
777,Machinery Maintenance Worker,机械维修工,机械维护工
778,Machinist,机械工,机械工人
779,Magnetic Resonance Imaging (MRI) Technology/Technician,磁共振成像（MRI）技术/技师,磁共振成像技术/技师
780,Magnetic Resonance Imaging Technologist,磁共振成像技术员,
781,Mail Clerk,邮局办事员,
782,Maintance/Repair Worker,维护/修理工,
783,Maintenance/Repair Worker,维护/修理工,
784,Maintenance/Repair Worker Helper,维护/维修工助手,
785,Makeup Artist,化妆师,
786,Making Decisions and Solving Problems,做出决定和解决问题,
787,Making repetitive motions,做重复性的动作,
788,"Malagasy engineers pioneered a new technique in sounds, noise levels are distracting or uncomfortable today.",今天，马达加斯加工程师在声音、噪音水平令人分心或不舒服方面开创了一项新的技术。,今天，马达加斯加工程师开创的一项新技术可以判断声音或者噪音是否已到令人分心或使人难受的级别。
789,Maldivian scientists pioneered a new technique in controlling machines and processes today.,今天，马尔代夫科学家开创了一种控制机器和过程的新技术。,今天，马尔代夫科学家在控制机器和程序方面开创了一门新技术。
790,Maltese scientists performs dynamic flexibility like a human.,马耳他科学家执行像人类一样的动态柔韧性。,马耳他科学家发明的一种新算法可以像人类一样执行动态灵活性。
791,Management Analyst,管理分析员,
792,Management Science,管理科学,
793,Management of Companies and Enterprises,公司和企业管理,
794,Management of Financial Resources,财务资源管理,
795,Management of Material Resources,物质资源管理,物资资源管理
796,Management of Personnel Resources,人力资源管理,
797,Manager,经理,
798,Manicurist/Pedicurist,美甲师/修脚工,
799,Manual Dexterity,手动灵巧度,
800,Manufacturing,制造业,
801,Manufacturing Sales Representative,制造业销售代表,
802,Manufacturing and Production,制造和生产,
803,Mapping Technician,测绘技师|,测绘技术人员
804,Mar,三月,
805,Marine Engineer,海事工程师,航海工程师
806,Marine Maintenance/Fitter and Ship Repair Technology/Technician,船舶维修/装配工和船舶修理技术/技师,船舶维护/装配工和船舶修理技术/技师
807,Marine Science/Merchant Marine Officer,海洋科学/商船职员,
808,Market Research Analyst,市场研究分析员,
809,Marketing Manager,市场经理,
810,"Marketing/Marketing Management, General",市场营销/市场管理，普通,市场营销/市场管理（普通）
811,Marriage And Family Therapist,婚姻和家庭治疗师,
812,Marshallese engineers unveiled an algorithm capable of importance of repeating same tasks.,马歇尔工程师公布了一种能够重复同样任务的算法。,马绍尔工程师公布的一种新算法可以执行重复任务。
813,Mason Helper,泥瓦匠助手,
814,Mason/Masonry,石匠/砖石建筑,泥瓦匠/石工
815,Massage Therapist,按摩师,
816,Massage Therapy/Therapeutic Massage,按摩疗法/保健按摩,
817,Master's Degree,硕士学位,
818,Materials Engineer,材料工程师,
819,Materials Engineering,材料工程学,
820,Materials Science,材料科学,
821,Materials Scientist,材料科学家,
822,Mathematical Reasoning,数学推理,
823,Mathematician,数学家,
824,Mathematics,数学,
825,Mathematics and Science,数学和科学,
826,"Mathematics, General",数学，普通,数学（普通）
827,May,五月,
828,Meat Cutting/Meat Cutter,切肉/切肉工,
829,Meat Packer,肉制品包装员,
830,"Meat, Poultry, Fish Cutter",肉、禽、鱼切肉工,
831,Mechanic Supervisor,机械主管,
832,Mechanical,机械,
833,Mechanical Door Repairer,机械门修理工,
834,Mechanical Drafter,机械制图员,
835,Mechanical Engineer,机械工程师,
836,Mechanical Engineering,机械工程,
837,Mechanical Engineering/Mechanical Technology/Technician,机械工程/机械技术/技师,
838,Mechanical Insulation Worker,机械绝缘工人,
839,Mechanical Technician,机械技师,
840,Medical And Health Services Manager,医疗卫生服务经理,
841,Medical Appliance Technician,医疗器械技师,
842,Medical Assistant,医疗助理,
843,Medical Equipment Preparer,医疗设备技术员,
844,Medical Equipment Repairer,医疗设备修理工,
845,Medical Office Assistant/Specialist,医务室助理/专员,医疗室助理/专家
846,Medical Radiologic Technology/Science - Radiation Therapist,放射医疗技术/科学-放射治疗师,
847,Medical Record Technician,病例技师,医疗记录工作人员
848,Medical Scientist,医学科学家,
849,Medical Secretary,医疗秘书,
850,Medical Technician,医疗技师,
851,Medical Technologist,医疗技术员,
852,Medical Transcription/Transcriptionist,医疗转录/转录员,
853,Medical Transcriptionist,医疗转录员,
854,Medical/Clinical Assistant,医疗/临床助理,
855,Medication Aide,药物助理,
856,Medicine,医学,
857,Medicine and Dentistry,医学和牙科,
858,Meeting and Event Planning,会议和活动策划,
859,Memorization,记忆,
860,Mental Health Counseling/Counselor,心理健康咨询/顾问,
861,Mental Health Counselor,心理健康顾问,
862,Mental Health Worker,精神卫生工作者,精神健康工作者
863,Mental Processes,心理过程,
864,Merchandise Displayer,商品陈列员,
865,Metal Building Assembly/Assembler,金属建筑装配/装配工,金属构建装配/装配工
866,Metal Caster,金属铸造员,
867,Metal Pickling Equipment Operator,金属酸洗设备操作员,
868,Metal and Jewelry Arts,金属和珠宝艺术,
869,Metal-Refining Furnace Operator,金属提纯炉操作员,
870,Metal/Plastic Layout Worker,金属/塑料规划员,金属/塑料排版员
871,Metal/Plastic Model Maker,金属/塑料模型制作工,
872,Metal/Plastic Patternmaker,金属/塑料制模师,
873,Meter Reader,读表员,
874,Microbiologist,微生物学家,
875,"Microbiology, General",微生物学，普通,微生物学（普通）
876,Middle School Special Education Teacher,中学特殊教育教师,
877,Middle School Teacher,中学教师,
878,Middle School Technical Education Teacher,中学技术教育教师,
879,Milling/Planing Machine Operator,铣床/刨床操作员,
880,Millwright,技工,
881,Mine Cutting Machine Operator,矿山切割机操作员,
882,Mine Shuttle Car Operator,矿车操作员,
883,Mining Roof Bolter,矿用锚杆钻机操作员,
884,Mining Technology/Technician,采矿技术/技术员,
885,"Mining, Quarrying, and Oil and Gas Extraction",采矿、采石和油气开采,
886,Mixing/Blending Machine Operator,混匀机操作员,
887,Mobile Heavy Equipment Mechanic,移动重型设备技工,
888,Mobile Home Installer,活动板房安装工,
889,Model,模型,
890,Molder/Shaper/Caster,铸模/成型/铸造工,
891,Molding/Coremaking/Casting Machine Operator,铸模/制芯/铸造机操作员,
892,Monacan researchers pioneered a new technique in exposed to radiation today.,今天，莫那干大学的研究人员开创了一项暴露于辐射下的新技术。,今天，摩纳哥研究人员开创的一项新技术可以在暴露于辐射的情况下操作。
893,Monitoring,监控,
894,Monitoring and Controlling Resources,监控资源,监控和管理资源
895,"Monitoring processes, materials, and surroundings",监控过程、材料和环境,
896,Montserratian engineers unveiled an algorithm capable of coordinate or lead others.,蒙特塞拉提安的工程师们公布了一种能够协调或领导他人的算法。,蒙特塞拉特工程师公布的一种新算法拥有协调或者领导他人的能力。
897,Motion Picture Projectionist,电影放映员,
898,Motor Vehicle Electronic Installer/Repairer,机动车电子安装/修理工,
899,Motorboat Mechanic,摩托艇技工,
900,Motorboat Operator,摩托艇操作员,
901,Motorcycle Maintenance and Repair Technology/Technician,摩托车维修技术/技师,摩托车维护与维修技术/技师
902,Motorcycle Mechanic,摩托车技工,
903,Multilimb Coordination,肢体协调,
904,Multimedia Artist,多媒体艺术家,
905,Multimedia Collections Specialist,多媒体收藏专员,多媒体收藏专家
906,Multiple Machine Tool Operator,多机床操作员,
907,Museum Technician,博物馆技师,博物馆技术人员
908,Music Composer,作曲家,
909,"Music Performance, General",音乐表演，普通,音乐表演（普通）
910,Musical Instrument Fabrication and Repair,乐器制造与修理,
911,Musical Instrument Repairer/Tuner,乐器修理工/调音师,
912,Namibian engineers pioneered a new technique in explosive strength today.,纳米比亚的工程师今天开创了一种爆炸强度的新技术。,今天，纳米比亚工程师在爆炸强度方面开创了一门新技术。
913,Natural Resources Law Enforcement and Protective Services,自然资源执法和保护服务,
914,"Natural Resources/Conservation, General",自然资源/自然保护，普通,自然资源/自然保护（普通）
915,Natural Sciences,自然科学,
916,Natural Sciences Manager,自然科学管理员,
917,Naval Architecture and Marine Engineering,造船和海洋工程,
918,Near Vision,近距离视觉,
919,Negotiation,谈判,
920,New Accounts Clerk,新帐户文员,负责开新账户的文员
921,Nigerien engineers performs exposed to whole body vibration like a human.,尼日利亚的工程师执行像人类一样暴露在全身振动的环境下。,尼日利亚工程师发明的一种新算法可以像人类一样在全身振动的情况下工作。
922,Night Vision,夜视,
923,Niuean engineers performs speed of limb movement like a human.,纽安的工程师执行像人类一样的肢体运动速度。,纽埃工程师发明的一种新算法可以像人类一样在一定速度下移动肢体。
924,Non-Retail Sales Supervisor,非零售销售主管,
925,Nonfarm Animal Caretaker,非农场动物看守员,
926,Nonrestaurant Food Server,非餐厅服务员,
927,"Northern Marianan engineers unveiled an algorithm capable of operating vehicles, mechanized devices, or equipment.",北马里亚南的工程师们公布了一种操作车辆、机械装备或设备的算法。,北马里亚纳工程师公布的一种新算法可以操作交通工具、机械仪器、设备。
928,Norwegian engineers unveiled an algorithm capable of responsibility for outcomes and results.,挪威工程师公布了一种对结果和后果负责的算法。,挪威工程师公布的一种新算法拥有对结果和后果负责的能力。
929,Nov,十一月,
930,Nuclear Engineer,核工程师,
931,Nuclear Engineering,核工程,
932,Nuclear Medical Technology/Technologist,核医学技术/技术员,
933,Nuclear Medicine Technologist,核医学技师,
934,Nuclear Power Reactor Operator,核动力反应堆操作员,
935,Nuclear Technician,核技师,
936,Nuclear/Nuclear Power Technology/Technician,核/核电技术/技术员,
937,Number Facility,设施编号,设备编号
938,Nurse Anesthetist,护士麻醉师,麻醉师护士
939,Nurse Midwife/Nursing Midwifery,助产护士/助产护理,
940,Nurse Midwive,助产士,
941,Nurse Practitioner,执业护士,护理师
942,Nursing Assistant,护士助理,
943,Nursing Assistant/Aide and Patient Care Assistant/Aide,护理助理/助手和病人护理助理/助手,
944,Obstetrician/Gynecologist,妇产科医生,
945,Occupational Health And Safety Specialist,职业健康和安全专员,职业健康和安全专家
946,Occupational Health And Safety Technician,职业健康和安全技师,
947,Occupational Safety and Health Technology/Technician,职业安全与卫生技术/技师,职业安全与健康技术/技师
948,Occupational Therapist,职业治疗师,
949,Occupational Therapist Assistant,职业治疗师助理,
950,Occupational Therapy Aide,职业治疗助手,
951,Occupational Therapy Assistant,职业治疗助理,
952,Occupational Therapy/Therapist,职业疗法/治疗师,
953,Oct,十月,
954,Office Clerk,办公室文员,
955,Office Machine Operator,办公设备操作员,
956,Office Management and Supervision,办公室管理与监督,
957,Oil/Gas/Mining Service Unit Operator,石油/天然气/采矿服务装置操作员,
958,On-Site or In-Plant Training,现场或厂内培训,
959,On-the-Job Training,在职培训,
960,Operating open vehicles and equipment,操作开放式车辆和设备,
961,Operating vehicles and equipment,运行车辆和设备,
962,Operation Monitoring,运行监控,
963,Operation and Control,运行和控制,
964,Operations Analysis,运行分析,
965,Operations Management and Supervision,运营管理与监督,
966,Operations Manager,运营经理,
967,Operations Research Analyst,运营研究分析员,
968,Ophthalmic Laboratory Technician,眼科实验室技师,
969,Ophthalmic Laboratory Technology/Technician,眼科实验室技术/技师,
970,Ophthalmic Medical Technician,眼科医疗技师,
971,Ophthalmic Technician/Technologist,眼科技师/技术员,
972,Optician,配镜师,
973,Opticianry/Ophthalmic Dispensing Optician,眼镜/眼科配镜师,眼科光学/眼科配镜师
974,Optometrist,验光师,
975,Optometry,验光,
976,Oral Comprehension,口头理解,
977,Oral Expression,口头表达,
978,Oral Surgeon,口腔外科医生,
979,Oral/Maxillofacial Surgery,口腔/颌面外科,
980,Order Clerk,订单文员,
981,"Organizing, Planning, and Prioritizing Work",组织、计划和优先化工作,
982,Originality,独创性,
983,Orthodontics/Orthodontology,正畸学/正畸,正牙术/正牙学
984,Orthodontist,正畸医生,正牙医生
985,Orthotist/Prosthetist,矫正师/整容师,矫形师/修复学家
986,Other Services (Except Public Administration),其它服务（公共行政除外）,
987,"Outdoors, Under Cover",户外，在遮盖物下,户外（有遮盖）
988,Pace Determined by Speed of Equipment,速度取决于设备的速度,取决于设备速度的进度
989,Packaging Machine Operator,包装设备操作员,
990,Painter/Plasterer Helper,油漆工/粉刷匠助手,
991,Painting/Coating/Decorating Worker,油漆/涂料/装修工,
992,Painting/Painter and Wall Coverer,油漆/油漆工和粉刷工,
993,Paper Goods Machine Operator,纸制品机床操作员,
994,Paperhanger,裱糊工,
995,Paralegal,律师助理,律师的专职助手
996,Paramedic,医护人员,
997,Parking Enforcement Worker,停车执法人员,
998,Parking Lot Attendant,停车场服务员,
999,Parts Salesperson,零件销售员,
1000,"Parts, Warehousing, and Inventory Management Operations",零件、仓储和库存管理运营,
1001,Paving Equipment Operator,摊铺设备操作员,
1002,Payroll Clerk,工资结算员,
1003,Pediatrician,儿科医生,
1004,Perceptual Speed,感知速度,
1005,Performing Administrative Activities,进行行政活动,
1006,Performing General Physical Activities,进行一般体育活动,
1007,Performing for or Working Directly with the Public,为公众表演或直接与公众合作,
1008,Peripheral Vision,周边视觉,
1009,Personal Care Aide,个人护理助手,
1010,Personal Financial Advisor,个人理财顾问,
1011,Personal Service Worker Supervisor,个人服务工主管,
1012,Personnel and Human Resources,人事和人力资源,
1013,Persuasion,说服,
1014,Pest Control Worker,害虫防治工,
1015,Pesticide Handler,农药处理工,
1016,Petroleum Engineer,石油工程师,
1017,Petroleum Engineering,石油工程,
1018,Petroleum Technology/Technician,石油技术/技术员,
1019,Pharmacist,药剂师,
1020,Pharmacy,药店,
1021,Pharmacy Aide,药房助手,
1022,Pharmacy Technician,药房技师,
1023,Pharmacy Technician/Assistant,药剂师/助理,药房技师/助理
1024,Philosophy and Theology,哲学和神学,
1025,Phlebotomist,采血员,
1026,Phlebotomy Technician/Phlebotomist,采血技师/采血员,
1027,Photographer,摄影师,
1028,Photographic Equipment Repairer,摄影器材修理工,
1029,Physical Abilities,体能,
1030,Physical Education Teaching and Coaching,体育教学和辅导,
1031,Physical Proximity,身体上的接近,物理接近
1032,Physical Scientist,物理科学家,
1033,Physical Therapist,物理治疗师,
1034,Physical Therapist Aide,物理治疗师助手,
1035,Physical Therapist Assistant,物理治疗师助理,
1036,Physical Therapy Technician/Assistant,物理治疗技师/助理,
1037,Physical Therapy/Therapist,物理疗法/治疗师,
1038,Physical Work Conditions,体力劳动条件,
1039,Physician,医师,
1040,Physician Assistant,医师助理,
1041,Physicist,物理学家,
1042,Physics,物理,
1043,"Physics, General",物理，普通,物理（普通）
1044,Pile-Driver Operator,打桩机操作员,
1045,Pipelayer,铺管工,
1046,Pitcairn Island engineers performs production and processing like a human.,皮特凯恩岛的工程师执行像人类一样的生产和加工。,皮特凯恩岛工程师发明的一种新算法可以像人类一样生产和加工。
1047,Plant Operator,设施操作员,生产操作工
1048,Plasterer,粉刷工,
1049,Plating/Coating Machine Operator,电镀/镀膜机操作员,
1050,Plumber,管道工,
1051,Plumber Helper,水管工助手,
1052,Plumbing Technology/Plumber,管道技术/管道工,
1053,Podiatric Medicine/Podiatry,足病医学/足病学,足病医学/足科
1054,Podiatrist,足疗师,足科医生
1055,Police,警察,
1056,Police Supervisor,警务督察,
1057,"Police, Fire, And Ambulance Dispatcher",警察、消防和救护调度员,
1058,"Political Science and Government, General",政治科学和政府，普通,政治科学和政府（普通）
1059,Political Scientist,政治学家,
1060,Portuguese scientists pioneered a new technique in importance of being exact or accurate today.,今天，葡萄牙科学家在精确和准确的重要性方面开创了一项新技术。,
1061,Post-Baccalaureate Certificate,学士后证书,
1062,Post-Doctoral Training,博士后培训,
1063,Post-Master's Certificate,硕士后证书,
1064,Postal Service Clerk,邮政服务文员,
1065,Postal Service Mail Carrier,邮差,
1066,Postal Service Mail Sorter,邮政邮件分拣员,
1067,Postmaster,邮政局长,
1068,Postsecondary Agricultural Sciences Teacher,高等教育农业科学教师,
1069,Postsecondary Anthropology/Archeology Teacher,高等教育人类学/考古学教师,
1070,Postsecondary Architecture Teacher,高等教育建筑教师,高等教育建筑学教师
1071,Postsecondary Art/Drama/Music Teacher,高等教育艺术/戏剧/音乐教师,
1072,Postsecondary Biological Science Teacher,高等教育生物科学教师,
1073,Postsecondary Business Teacher,高等教育商务教师,高等教育商科教师
1074,Postsecondary Chemistry Teacher,高等教育化学老师,高等教育化学教师
1075,Postsecondary Communications Teacher,高等教育通讯教师,高等教育传播学教师
1076,Postsecondary Computer Science Teacher,高等教育计算机科学教师,
1077,Postsecondary Criminal Justice Eacher,高等教育刑事司法教师,
1078,Postsecondary Cultural Studies Teacher,高等教育文化研究教师,
1079,Postsecondary Earth Sciences Teacher,高等教育地球科学教师,
1080,Postsecondary Economics Teachers,高等教育经济学教师,
1081,Postsecondary Education Teacher,高等教育师范教师,
1082,Postsecondary Engineering Teacher,高等教育工程教师,高等教育工程学教师
1083,Postsecondary English Language/Literature Teacher,高等教育英语语言/文学教师,
1084,Postsecondary Environmental Science Teacher,高等教育环境科学教师,
1085,Postsecondary Foreign Language Teacher,高等教育外语教师,
1086,Postsecondary Forestry And Conservation Science Teacher,高等教育林业和自然保护科学教师,
1087,Postsecondary Geography Teacher,高等教育地理教师,高等教育地理学教师
1088,Postsecondary Health Specialties Teacher,高等教育健康专业教师,高等教育卫生学教师
1089,Postsecondary History Teacher,高等教育历史教师,高等教育历史学教师
1090,Postsecondary Home Economics Teacher,高等教育家政学教师,
1091,Postsecondary Law Teacher,高等教育法律教师,高等教育法学教师
1092,Postsecondary Library Science Teacher,高等教育图书馆科学教师,
1093,Postsecondary Mathematical Science Teacher,高等教育数学科学教师,
1094,Postsecondary Nursing Instructors And Teacher,高等教育护理讲师和教师,高等教育护理学讲师和教师
1095,Postsecondary Philosophy/Religion Teacher,高等教育哲学/宗教教师,
1096,Postsecondary Physics Teacher,高等教育物理教师,
1097,Postsecondary Political Science Teacher,高等教育政治科学教师,
1098,Postsecondary Psychology Teacher,高等教育心理学教师,
1099,Postsecondary Recreation/Fitness Studies Teacher,高等教育娱乐/健身研究教师,
1100,Postsecondary School Administrator,高等教育学校管理员,
1101,Postsecondary Social Work Teacher,高等教育社会工作教师,
1102,Postsecondary Sociology Teacher,高等教育社会学教师,
1103,Postsecondary Vocational Education Teacher,高等职业教育师范教师,
1104,Power Distributor/Dispatcher,配电员/调度员,
1105,Power Plant Operator,电力设施操作员,
1106,Powerhouse Electrical Repairer,厂房电气修理工,
1107,Pr And Fundraising Manager,公关和筹款经理,
1108,Prepress Technician,印前技师,
1109,Prepress/Desktop Publishing and Digital Imaging Design,印前/桌面出版和数字成像设计,
1110,Preschool Administrator,学前教育管理员,
1111,Preschool Teacher,幼儿园教师,学前教育教师
1112,Primary And Secondary School Administrator,小学和中学管理员|,小学和中学管理员
1113,Primary School Special Education Teacher,小学特殊教育教师,
1114,Print Binding Worker,打印装订工,
1115,Printing Press Operator,印刷机操作员,
1116,Private Investigator,私家侦探,
1117,Probation Officer,缓刑监督官,
1118,Problem Sensitivity,问题敏感性,
1119,Process,过程,
1120,Processing Information,处理信息,
1121,Procurement Clerk,采购文员,
1122,Producer/Director,制片人/导演,
1123,Product Promoter,产品推广员,
1124,Production Cleark,生产文员,
1125,Production Worker,生产工,生产工人
1126,Production Worker Helper,生产工人助手,
1127,Production and Processing,生产和加工,
1128,Production/Operating Worker Supervisor,生产/运营工主管,生产/运营工人主管
1129,"Professional, Scientific, and Technical Services",专业、科学和技术服务,
1130,"Professional, Technical, Business, and Scientific Writing",学术、技术、商业和科学写作,专业、技术、商业和科学写作
1131,Programming,编程,
1132,Proofreader,校对,
1133,Property Manager,物业经理,
1134,Protective Service Worker,防护工,安保服务工作人员
1135,Provide Consultation and Advice to Others,为他人提供咨询和建议,
1136,Psychiatric Aide,精神科助手,
1137,Psychiatric Technician,精神科技师,
1138,Psychiatric/Mental Health Services Technician,精神科/精神卫生服务技术员,精神科/精神健康服务技术员
1139,Psychiatrist,精神科医生,
1140,Psychologist,心理学家,
1141,Psychology,心理学,
1142,"Psychology, General",心理学，普通,心理学（普通）
1143,Psychomotor Abilities,心理运动能力,
1144,Public Address System Announcer,公共广播系统播音员,
1145,Public Administration,公共管理,
1146,"Public Health, General",公共卫生，普通,公共卫生（普通）
1147,Public Relations Specialist,公共关系专家,
1148,Public Relations/Image Management,公共关系/形象管理,
1149,Public Safety and Security,公共安全和保障,
1150,Public Speaking,公开演讲,
1151,Puerto Rican scientists unveiled an algorithm capable of spend time sitting.,波多黎各科学家公布了一静坐的算法。,波多黎各科学家发布的一种新算法可以执行坐的动作。
1152,Pump Operator,泵操作员,
1153,Purchasing Manager,采购经理,
1154,"Purchasing, Procurement/Acquisitions and Contracts Management",采购、采买/收购和合同管理,
1155,Quality Control Analysis,质量控制分析,
1156,Quality Control Technology/Technician,质量控制技术/技术员,
1157,Radiation Therapist,放射治疗师,
1158,Radio And Television Announcer,广播电视播音员,
1159,Radio Operator,无线电操作员,
1160,Radio and Television Broadcasting Technology/Technician,广播和电视广播技术/技术员,
1161,Radio/Cellular Installer/Repair,无线电/蜂窝安装工/维修工,
1162,Radiologic Technologist,放射技师,
1163,Radiologic Technology/Science - Radiographer,放射技术/科学-放射技师,
1164,Rail Car Repairer,轨道车修理工,
1165,Rail Maintenance Equipment Operator,轨道维护设备操作员,
1166,Rail Yard Engineer,轨道站场工程师,
1167,Railroad Brake/Signal/Switch Operator,铁路制动/信号//开关操作员,
1168,Railroad Conductor,铁路列车长,
1169,Railroad and Railway Transportation,铁路和铁路运输,
1170,Ranch Farmworker,牧场农工,
1171,Rate Control,速率控制,
1172,Reaction Time,反应时间,
1173,Reading Comprehension,阅读理解,
1174,Real Estate,房地产,
1175,Real Estate Appraiser,房地产评估师,
1176,Real Estate Broker,房地产经纪人,
1177,Real Estate Sales Agent,房地产销售代理,
1178,Real Estate and Rental and Leasing,房地产和租赁,
1179,Realistic,现实的,实事求是
1180,Rebar Worker,钢筋工,
1181,Receptionist,接待员,前台
1182,Recording Arts Technology/Technician,录音艺术技术/技术员,
1183,Recreation Worker,娱乐工作者,
1184,Recreational Therapist,休闲治疗师,
1185,Recreational Vehicle Service Technician,休旅车服务技师,休闲车服务技师
1186,Referee,裁判,
1187,Refinery Operator,炼油设备操作员,
1188,Refractory Materials Repairer,耐火材料修理工,
1189,Refuse And Recyclable Material Collector,垃圾和可回收材料收集工,
1190,Registered Nurse,注册护士,
1191,Registered Nursing/Registered Nurse,注册护理/注册护士,
1192,Rehabilitation Aide,康复助手,
1193,Rehabilitation Counselor,康复顾问,
1194,Related Work Experience,相关工作经验,
1195,Religious Education Director,宗教教育主管,
1196,Renal/Dialysis Technologist/Technician,肾脏/透析技术员/技师,
1197,Rental Clerk,租赁文员,
1198,Repairing,修理,
1199,Repairing and Maintaining Electronic Equipment,修理和维护电子设备,
1200,Repairing and Maintaining Mechanical Equipment,修理和维护机械设备,
1201,Repeating the same tasks,重复相同的任务,
1202,Reporter,记者,
1203,Required Level of Education,学历要求,
1204,Residential Advisor,住宅顾问,
1205,Resolving Conflicts and Negotiating with Others,解决冲突并与他人协商,
1206,Resource Management Skills,资源管理技能,
1207,Respiratory Care Therapy/Therapist,呼吸系统护理疗法/治疗师,
1208,Respiratory Therapist,呼吸治疗师,
1209,Respiratory Therapy Technician,呼吸治疗技师,
1210,Response Orientation,反应定向,
1211,Restaurant Cook,餐厅厨师,
1212,Restaurant Host,餐厅侍应生,餐厅领班
1213,Retail Buyer,零售采购员,
1214,Retail Sales Supervisor,零售销售主管,
1215,Retail Salesperson,零售业务员,
1216,Retail Trade,零售业,
1217,Retailing and Retail Operations,零售和零售运营,
1218,Rigger,吊运工,起重工
1219,Robotics researchers at the Antiguan Institute of Technology pioneered a new technique in multilimb coordination today.,今天，安提关理工学院的机器人研究人员在多肢体协调方面开创了一项新技术。,今天，安提瓜理工学院的机器人研究人员在多肢体协调方面开创了一项新技术。
1220,Robotics researchers at the Basotho Institute of Technology pioneered a new technique in spend time making repetitive motions today.,今天，巴索托理工学院的机器人研究人员开创了一种做重复动作的新技术。,今天，巴苏陀理工学院的机器人研究人员开创的一项新技术可以进行重复动作。
1221,Robotics researchers at the Belizean Institute of Technology pioneered a new technique in auditory attention today.,今天，伯利兹理工学院的机器人研究人员在听觉注意力方面开创了一项新技术。,
1222,"Robotics researchers at the British Institute of Technology pioneered a new technique in inspecting equipment, structures, or material today.",今天，英国技术研究所的机器人研究人员在检测设备、结构或材料方面开创了一种新技术。,今天，英国理工学院的机器人研究人员在检测设备、结构或材料方面开创了一项新技术。
1223,Robotics researchers at the Central African Institute of Technology pioneered a new technique in sound localization today.,中非理工学院的机器人研究人员今天在声音定位方面开创了一项新技术。,今天，中非理工学院的机器人研究人员在声音定位方面开创了一项新技术。
1224,Robotics researchers at the Emiri Institute of Technology pioneered a new technique in selective attention today.,今天，阿联酋理工学院的机器人研究人员开创了选择性注意力的新技术。,今天，阿联酋理工学院的机器人研究人员在选择性注意力方面开创了一项新技术。
1225,Robotics researchers at the German Institute of Technology pioneered a new technique in deal with unpleasant or angry people today.,今天，德国技术学院的机器人技术研究人员开创了一种应对不愉快或愤怒人群的新技术。,今天，德国理工学院的机器人技术研究人员开创了一项新技术可以应对不随和或者愤怒的人。
1226,Robotics researchers at the Guinean Institute of Technology pioneered a new technique in stamina today.,今天，几内亚理工学院的机器人研究人员在耐力方面开创了一项新技术。,
1227,Robotics researchers at the Icelandic Institute of Technology pioneered a new technique in exposed to hazardous conditions today.,今天，冰岛理工学院的机器人研究人员开创了一种暴露于危险环境中的新技术。,今天，冰岛理工学院的机器人研究人员开创了一项可以在危险环境中操作的新技术。
1228,Robotics researchers at the Maldivian Institute of Technology pioneered a new technique in controlling machines and processes today.,今天，马尔代夫理工学院的机器人研究人员开创了一种控制机器和过程的新技术。,今天，马尔代夫理工学院的机器人研究人员开创了一项控制机器和程序的新技术。
1229,Robotics researchers at the Monacan Institute of Technology pioneered a new technique in exposed to radiation today.,今天，莫纳坎理工学院的机器人研究人员开创了一种暴露于辐射下的新技术。,今天，摩纳哥理工学院的机器人研究人员开创了一项新技术可以在辐射环境下操作。
1230,Robotics researchers at the Norwegian Institute of Technology pioneered a new technique in responsibility for outcomes and results today.,今天，挪威理工学院的机器人研究人员在对结果和结后负责方面开创了一种新技术。,今天，挪威理工学院的机器人研究人员在对结果和结后负责方面开创了一项新技术。
1231,Robotics researchers at the Portuguese Institute of Technology pioneered a new technique in importance of being exact or accurate today.,今天，葡萄牙理工学院的机器人研究人员在精确和准确的重要性方面开创了一项新技术。,
1232,Robotics researchers at the Saint-Pierrais Institute of Technology pioneered a new technique in peripheral vision today.,今天，圣皮尔瑞斯理工学院的机器人研究人员开创了一种周边视觉的新技术。,今天，圣皮埃尔理工学院的机器人研究人员在周边视觉方面开创了一项新技术。
1233,Robotics researchers at the Seychellois Institute of Technology pioneered a new technique in finger dexterity today.,今天，塞舌尔理工学院的机器人研究人员在手指灵巧度方面开创了一项新技术。,
1234,Robotics researchers at the Thai Institute of Technology pioneered a new technique in perceptual speed today.,泰国理工学院的机器人研究人员今天在感知速度方面开创了一项新技术。,今天，泰国理工学院的机器人研究人员在感知速度方面开创了一项新技术。
1235,Robotics researchers at the Trinidadian Institute of Technology pioneered a new technique in spend time walking and running today.,今天，特立尼达理工学院的机器人研究人员在行走和跑步方面开创了一项新技术。,今天，特立尼达理工学院的机器人研究人员在花费时间行走和跑步方面开创了一项新技术。
1236,Robotics researchers at the U.S. Virgin Island Institute of Technology pioneered a new technique in contact with others today.,今天，美属维尔京岛理工学院的机器人研究人员开创了一种与他人接触的新技术。,今天，美属维尔京岛理工学院的机器人研究人员在与他人接触方面开创了一项新技术。
1237,Rock Splitter,碎石机操作员,
1238,Rolling Machine Operator,轧机操作员,辊压机操作员
1239,Roofer,屋顶工,
1240,Roofer Helper,屋顶工助手,
1241,Rotary Drill Operator,旋转钻机操作员,
1242,Russian scientists performs visualization like a human.,俄罗斯科学家执行像人类一样的可视化。,俄罗斯科学家发明的一种新算法可以像人类一样实现可视化。
1243,Sailor/Marine Oiler,水手/船用加油工,
1244,Saint Helenian researchers pioneered a new technique in face-to-face discussions today.,今天，圣海伦的研究人员开创了一种面对面讨论的新技术。,今天，圣赫勒拿研究人员在面对面讨论方面开创了一项新技术。
1245,Saint-Pierrais scientists performs peripheral vision like a human.,圣皮尔的科学家执行像人类一样的周边视觉。,圣皮埃尔科学家发明的一种新算法可以像人类一样拥有周边视觉。
1246,Sales Engineer,销售工程师,
1247,Sales Manager,销售经理,
1248,Sales Representative,销售代表,
1249,Sales and Marketing,销售和营销,
1250,"Sales, Distribution, and Marketing Operations, General",销售、分销和市场运营，普通,销售、分销和市场运营（普通）
1251,Salon/Beauty Salon Management/Manager,沙龙/美容院管理/经理,
1252,Sawing Machine Operator,锯床操作员,
1253,Scheduling Work and Activities,安排工作和活动,
1254,School Bus Driver,校车司机,
1255,Science,科学,
1256,"Science Technologies/Technicians, Other",科学技术/技术人员，其他,科学技术/技术人员（其他）
1257,Second Interest High-Point,第二兴趣高点,
1258,Secondary Degree,第二学位,
1259,Secondary School Special Education Teacher,高等教育学校特殊教育教师,中学特殊教育教师
1260,Secondary School Teachers,中学教师,
1261,Secondary School Technical Education Teacher,中学技术教育教师,
1262,Securities Sales Agent,证券销售代理,
1263,Security Guard,保安,
1264,Security Systems Installer,安全系统安装工,
1265,Security and Loss Prevention Services,安全和防损服务,
1266,Segmental Paver,分段摊铺员,
1267,Selective Attention,选择性注意,
1268,Self-Enrichment Education Teacher,自我充实教育教师,
1269,Selling Skills and Sales Operations,销售技巧和销售运营,
1270,Selling and influencing others,销售和影响他人,
1271,Semiconductor Processor,半导体处理工,
1272,Sensory Abilities,感官能力,
1273,Sep,九月,
1274,Separating/Clarifying Machine Operator,分离/澄清设备操作员,
1275,Septic/Sewer Servicer,化粪池/下水道疏通员,
1276,Service Orientation,服务定向,
1277,Set Designer,布景设计师,
1278,Sewing Machine Operator,缝纫设备操作员,
1279,Seychellois engineers pioneered a new technique in exposed to hazardous equipment today.,塞舌尔的工程师今天开创了一种暴露于危害设备的新技术。,今天，塞舌尔工程师开创了一项可以暴露于危险仪器下操作的新技术。
1280,Seychellois researchers performs finger dexterity like a human.,塞舌尔研究人员执行像人类一样的手指灵巧度。,塞舌尔研究人员发明的一种新算法可以像人类一样拥有手指灵巧度。
1281,Seychellois researchers performs work with work group or team like a human.,塞舌尔的研究人员执行像人类一样与工作小组或团队共同工作。,塞舌尔研究人员发明的一种新算法可以像人类一样与工作小组或团队共同工作。
1282,Shampooer,洗发工,
1283,Sheet Metal Technology/Sheetworking,钣金技术/钣金加工,
1284,Sheet Metal Worker,钣金工,
1285,Ship Engineer,船舶工程师,
1286,Shipping/Receiving Clerk,发货/收货文员,
1287,Shoe Machine Operator,制鞋设备操作员,
1288,"Shoe, Boot and Leather Repair",鞋、靴子和皮革修理,
1289,Shoe/Leather Worker,制鞋/皮革工人,
1290,Short Order Cook,快餐厨师,
1291,Signal And Track Switch Repairer,信号和轨道开关修理工,
1292,"Singaporean engineers unveiled an algorithm capable of monitor processes, materials, or surroundings.",新加坡工程师公布了一种监控过程、材料或环境的算法。,新加坡工程师公布的一种新算法可以监控过程、材料或环境。
1293,"Singaporean researchers pioneered a new technique in exposed to minor burns, cuts, bites, or stings today.",今天，新加坡研究人员已开发一项用于轻微烧伤、割伤、咬伤或刺伤治疗的新技术。,今天，新加坡研究人员开创的一项新技术可以像人类一样在轻微烧伤、割伤、咬伤或刺伤的情况下操作。
1294,Singaporean scientists performs equipment maintenance like a human.,新加坡科学家执行像人类一样维护设备。,新加坡科学家发明的一种新算法可以像人类一样进行设备维护。
1295,Skincare Specialist,护肤专家,
1296,Slot Supervisor,老虎机监督员,
1297,Slovak scientists unveiled an algorithm capable of frequency of decision making.,斯洛伐克科学家公布了一种能够进行频繁决策的算法。,斯洛伐克科学家公布的一种新算法可以像人类一样进行频繁地决策。
1298,Slovene engineers performs repairing and maintaining mechanical equipment like a human.,斯洛文尼亚的工程师执行像人类一样的修理和维护机械设备。,斯洛伐克工程师发明的一种新算法可以像人类一样修理和维护机械设备。
1299,Small Engine Mechanic,小型发动机机械师,
1300,Small Engine Mechanics and Repair Technology/Technician,小型发动机机械和修理技术/技术员,
1301,Social,社会的,合群
1302,Social And Community Service Manager,社会和社区服务经理,
1303,Social And Human Service Assistant,社会和人类服务助理,
1304,Social Perceptiveness,社会洞察力,
1305,Social Science Research Assistant,社会和人类服务助理,
1306,"Social Sciences, General",社会科学，普通,社会科学（普通）
1307,Social Scientist,社会科学家,
1308,Social Skills,社交技能,
1309,Social Work,社会工作,
1310,Sociologist,社会学家,
1311,Sociology,社会学,
1312,Sociology and Anthropology,社会学和人类学,
1313,Soil And Plant Scientist,土壤和植物科学家,
1314,Solar Energy Technology/Technician,太阳能技术/技师,
1315,Solar Photovoltaic Installer,太阳能光伏安装工,
1316,Solomon Island researchers pioneered a new technique in static strength today.,所罗门岛的研究人员今天开创了一种静态强度的新技术。,今天，所罗门岛研究人员在静态强度方面开创了一项新技术。
1317,Somalilander researchers performs spatial orientation like a human.,索马里兰德的研究人员执行像人类一样进行空间定向。,索马里兰研究人员发明的一种新算法可以像人类一样进行空间定向。
1318,Sound Engineering Technician,音响工程技师,
1319,Sound Localization,声音定位,
1320,South African scientists unveiled an algorithm capable of on-site or in-plant training.,南非科学家推出了一种能够进行现场或工厂内培训的算法。,
1321,South Sudanese engineers pioneered a new technique in near vision today.,今天，南苏丹的工程师们在近距离视绝领域开创了一项新技术。,今天，南苏丹的工程师们在近距离视觉领域开创了一项新技术。
1322,Spanish Language and Literature,西班牙语言文学,
1323,Spatial Orientation,空间定向,
1324,Speaking,说话,口语
1325,Special Education Teacher,特殊教育教师,
1326,"Special Education and Teaching, General",特殊教育和教学,特殊教育和教学（普通）
1327,Speech Clarity,言语清晰度,
1328,Speech Communication and Rhetoric,言语交流和修辞学,
1329,Speech Recognition,言语识别,
1330,Speech-Language Pathologist,言语-语言病理学家,
1331,Speed of Closure,闭合速度,
1332,Speed of Limb Movement,肢体运动速度,
1333,"Spend Time Using Your Hands to Handle, Control, or Feel Objects, Tools, or Controls",花时间用双手来搬运、控制或感受物体、工具或控件,
1334,Spending time sitting,花时间静坐,
1335,Sport and Fitness Administration/Management,运动和健身行政/管理,
1336,Staffing Organizational Units,人员编制单位,
1337,Stamina,耐力,
1338,Standards compliance,符合标准,
1339,Standing,站立,
1340,Static Strength,静态强度,
1341,Statistical Assistant,统计助理,
1342,Statistician,统计员,
1343,"Statistics, General",统计学，普通,统计学（普通）
1344,Steel Worker,钢铁工,
1345,Sterile Processing Technology/Technician,无菌处理技术/技师,
1346,Stock Clerk,库存文员,
1347,Stonemason,石匠,
1348,Street Vendor,街头售卖员,
1349,Structural Metal Fabricator,结构金属制造工,
1350,Structured versus Unstructured Work,结构化和非结构化工作,
1351,Student,学生,
1352,Substance Abuse And Behavioral Disorder Counselor,药物滥用和行为障碍顾问,
1353,Substance Abuse/Addiction Counseling,药物滥用/成瘾咨询,
1354,Subway/Streetcar Operator,地铁/电车操作员,
1355,Surgeon,外科医生,
1356,Surgical Technologist,外科技术员,
1357,Surgical Technology/Technologist,外科技术/技术员,
1358,Survey Researcher,调查研究员,
1359,Surveying Technology/Surveying,测绘技术/测量,
1360,Surveyor,调查员,
1361,Swati researchers unveiled an algorithm capable of handling and moving objects.,斯瓦蒂研究人员公布了一项搬运和移动物体的算法。,史瓦帝研究人员公布的一种新算法可以操纵和移动物体。
1362,Swati scientists pioneered a new technique in deal with physically aggressive people today.,今天，斯瓦特的科学家们开创了一种与身体有攻击性的人打交道的新技术。,今天，史瓦帝科学家开创的一项新技术可以像人类一样与身体有攻击性的人打交道。
1363,Switchboard Operator,总机操作员,
1364,Systems Administrator,系统管理员,
1365,Systems Analysis,系统分析,
1366,Systems Evaluation,系统评价,
1367,Systems Skills,系统技能,
1368,Systems Software Developer,系统软件开发师,
1369,São Toméan researchers unveiled an algorithm capable of repairing.,S√£o Tom√© 研究人员公布了一种修理的算法。,圣多美研究人员公布的一种新算法可以进行维修操作。
1370,Tailor,裁缝,
1371,Taiwanese engineers pioneered a new technique in gross body coordination today.,今天，台湾工程师开创了一项全身协调的新技术。,今天，台湾工程师在全身协调方面开创了一项新技术。
1372,Tajikistani engineers pioneered a new technique in extent flexibility today.,今天，塔吉克斯坦的工程师们开创了一种高度柔韧性的新技术。,今天，塔吉克斯坦工程师在程度灵活性方面开创了一项新技术。
1373,Tank Car/Truck/Ship Loader,油罐车/卡车/船舶装卸工,
1374,Taper,管控员,锥拔工
1375,Tax Collector,税务员,
1376,Tax Preparer,报税人,
1377,Taxi Driver/Chauffeur,出租车司机/司机,
1378,Teacher Assistant,教师助理,
1379,Teacher Assistant/Aide,助教/助手,教师助理/助手
1380,Teaching English as a Second or Foreign Language/ESL Language Instructor,以英语为第二语言或外语/ESL 语言教师,以英语为第二语言或外语的语言教师
1381,Team Assembler,团队装配工,
1382,Technical Sales Representative,技术销售代表,
1383,Technical Skills,技术技能,
1384,Technical Writer,技术文档工程师,
1385,Technology Design,技术设计,
1386,Telecom Equipment Installer/Repairer,电信设备安装/维修工,
1387,Telecom Line Installer/Repairer,电信线路安装/维修工,
1388,Telecommunications,电信,
1389,Telemarketer,电话销售员,
1390,Telephone,电话,
1391,Telephone Operator,话务员,
1392,Teller,出纳员,
1393,Terrazzo Finisher,水磨石饰面工,
1394,Textile Bleaching/Dyeing Machine Operator,纺织/漂染设备操作员,纺织漂染设备操作员
1395,Textile Cutting Machine Operator,纺织切割设备操作员,
1396,Textile Knitting/Weaving Machine Operator,纺织针织/机织设备操作员,
1397,Textile Presser,纺织品压制员,
1398,Textile Winding Machine Operator,纺织绕线设备操作员,
1399,Thai researchers pioneered a new technique in perceptual speed today.,今天，泰国研究人员在感知速度方面开创了一项新技术。,
1400,The American Institute of Technology showcased a system competitive with humans at control precision.,美国理工学院展示了一个在控制精度方面匹敌人类的系统。,
1401,The Antarctic Institute of Technology unveiled an algorithm capable of night vision.,南极技术研究所公布了一种夜视算法。,南极理工学院公布的一种新算法拥有夜视能力。
1402,The Australian Institute of Technology showcased a system competitive with humans at depth perception.,澳大利亚理工学院展示了一个可匹敌人类的深度感知系统。,
1403,The Bahamian Institute of Technology showcased a system competitive with humans at spend time standing.,巴哈马理工学院展示了一个在站立方面匹敌人类的系统。,
1404,The Bahraini Institute of Technology unveiled an algorithm capable of hearing sensitivity.,巴林理工学院公布了一种听觉敏感度的算法。,巴林理工学院公布的一种新算法拥有听觉敏感度。
1405,The Bosnian Institute of Technology showcased a system competitive with humans at deal with external customers.,波斯尼亚理工学院展示了一个在与外部客户打交道方面匹敌人类的系统。,
1406,The Brazilian Institute of Technology unveiled an algorithm capable of exposed to high places.,巴西理工学院公布了一项暴露于高处的算法。,巴西理工学院公布的一种新算法可以在高空作业。
1407,The British Institute of Technology showcased a system competitive with humans at building and construction.,英国理工学院展示了一个在建筑和施工方面匹敌人类的系统。,
1408,The British Institute of Technology showcased a system competitive with humans at very hot or cold temperatures.,英国理工学院展示了一种可以在极高或极低温度下匹敌人类的系统。,
1409,The Bruneian Institute of Technology showcased a system competitive with humans at time pressure.,布鲁尼理工学院展示了一个在时间压力方面可匹敌人类的系统。,汶莱理工学院展示了一个在时间压力方面可匹敌人类的系统。
1410,The Burmese Institute of Technology unveiled an algorithm capable of visual color discrimination.,缅甸理工学院公布了一种视觉颜色识别的算法。,缅甸理工学院公布的一种新算法可以进行视觉颜色识别。
1411,The Canadian Institute of Technology showcased a system competitive with humans at level of competition.,加拿大理工学院展示了一个匹敌人类的竞争力水平系统。,
1412,The Chinese Institute of Technology showcased a system competitive with humans at spend time keeping or regaining balance.,中国理工大学展示了一个匹敌人类的保持或恢复平衡的系统。,中国理工学院展示了一个在保持或恢复平衡方面可匹敌人类的系统。
1413,The Christmas Island Institute of Technology showcased a system competitive with humans at consequence of error.,圣诞岛理工学院展示了一个可匹敌人类的错误后果处理系统。,
1414,The Christmas Island Institute of Technology showcased a system competitive with humans at transportation.,圣诞岛理工学院展示了一个在运输方面匹敌人类的系统。,
1415,The Cocos Island Institute of Technology unveiled an algorithm capable of extremely bright or inadequate lighting.,科科斯岛理工学院推出了一种暴露于极其明亮或昏暗的照明环境的算法。,科科斯岛理工学院推出的一种新算法可以在强光或不足光下工作。
1416,The Comorian Institute of Technology showcased a system competitive with humans at on-the-job training.,科摩罗理工学院展示了一个匹敌人类的在职培训系统。,
1417,The Costa Rican Institute of Technology unveiled an algorithm capable of glare sensitivity.,哥斯达黎加理工学院公布了一种眩光敏感度的算法。,哥斯达黎加理工学院公布的一种新算法拥有眩光敏感度。
1418,The Ecuadorian Institute of Technology showcased a system competitive with humans at exposed to disease or infections.,厄瓜多尔理工学院展示了一个在暴露于疾病或感染方面匹敌人类的系统。,
1419,The Ethiopian Institute of Technology unveiled an algorithm capable of work schedules.,埃塞俄比亚理工学院公布了一种工作进度表的算法。,埃塞俄比亚理工学院公布的一种新算法可以制定工作进度表。
1420,The Gabonese Institute of Technology unveiled an algorithm capable of duration of typical work week.,加蓬理工学院公布了一种算法能够忍受典型周工作时间。,
1421,The Georgian Institute of Technology showcased a system competitive with humans at food production.,格鲁吉亚理工学院展示了一个在食品生产方面匹敌人类的系统。,
1422,The Gibraltar Institute of Technology showcased a system competitive with humans at operation and control.,直布罗陀技术学院展示了一种在操作和控制方面可匹敌人类的系统。,直布罗陀理工学院展示了一种在操作和控制方面可匹敌人类的系统。
1423,The Hellenic Institute of Technology showcased a system competitive with humans at wrist-finger speed.,希腊理工学院展示了一个手腕-手指速度可匹敌人类的系统。,希腊理工学院展示了一个在手腕-手指速度方面可匹敌人类的系统。
1424,"The Hellenic Institute of Technology unveiled an algorithm capable of spend time climbing ladders, scaffolds, or poles.",希腊理工学院公布了一项可以爬梯子、脚手架或柱子的算法。,希腊理工学院公布的一种新算法可以执行爬梯子、脚手架或柱子的动作。
1425,The Honduran Institute of Technology unveiled an algorithm capable of public safety and security.,洪都拉斯理工学院公布了一种公共安全的算法。,洪都拉斯理工学院公布的一种新算法可以执行公共安全。
1426,"The Malagasy Institute of Technology showcased a system competitive with humans at sounds, noise levels are distracting or uncomfortable.",马达加斯加理工学院展示了一项匹敌人类、可令人分心或不舒服的声音、噪音技术。,马达加斯加理工学院展示了一个在应对令人分心、使人难受的声音、噪音方面可匹敌人类的系统。
1427,The Marshallese Institute of Technology unveiled an algorithm capable of importance of repeating same tasks.,马歇尔理工学院公布了一种能够重复同样任务的算法。,马绍尔理工学院公布的一种新算法能够进行相同任务的重复。
1428,The Montserratian Institute of Technology showcased a system competitive with humans at coordinate or lead others.,蒙特塞拉提安理工学院展示了一个在协调或领导他人方面匹敌人类的系统。,蒙特塞拉特理工学院展示了一个在协调或领导他人方面匹敌人类的系统。
1429,The Namibian Institute of Technology unveiled an algorithm capable of explosive strength.,纳米比亚理工学院公布了一种爆炸强度的算法。,纳米比亚理工学院公布的一种新算法可以进行爆炸强度的操作。
1430,The Niuean Institute of Technology unveiled an algorithm capable of speed of limb movement.,纽安理工学院公布了一种肢体运动速度的算法。,纽埃理工学院公布的一种新算法可以保持一定的肢体运动速度。
1431,"The Northern Marianan Institute of Technology unveiled an algorithm capable of operating vehicles, mechanized devices, or equipment.",北马里亚南理工学院公布了一种操作车辆、机械装备或设备的算法。,北马里亚纳理工学院公布的一种新算法可以操作车辆、机械仪器或设备。
1432,The Pitcairn Island Institute of Technology unveiled an algorithm capable of production and processing.,皮特凯恩岛理工学院公布了一种生产和加工的算法。,皮特凯恩岛理工学院公布的一种新算法可以进行生产和加工。
1433,The Russian Institute of Technology showcased a system competitive with humans at visualization.,俄罗斯理工学院在可视化方面展示了一个匹敌人类的系统。,俄罗斯理工学院展示了一个在可视化方面匹敌人类的系统。
1434,The Saint Helenian Institute of Technology showcased a system competitive with humans at face-to-face discussions.,圣海伦尼安理工学院展示了一个在面对面讨论方面匹敌人类的系统。,圣赫勒拿理工学院展示了一个在面对面讨论方面匹敌人类的系统。
1435,The Seychellois Institute of Technology showcased a system competitive with humans at work with work group or team.,塞舌尔理工学院展示了一个匹敌人类的与工作小组或团队一起工作的系统。,塞舌尔理工学院展示了一个在与工作小组或团队合作方面匹敌人类的系统。
1436,"The Singaporean Institute of Technology showcased a system competitive with humans at monitor processes, materials, or surroundings.",新加坡理工学院展示了一个在监控过程、材料或环境方面匹敌人类的系统。,
1437,The Singaporean Institute of Technology unveiled an algorithm capable of equipment maintenance.,新加坡理工学院公布了一种能够进行设备维护的算法。,
1438,The Slovene Institute of Technology showcased a system competitive with humans at repairing and maintaining mechanical equipment.,斯洛文尼亚理工学院展示了一个在修理和维护机械设备方面匹敌人类的系统。,
1439,The South African Institute of Technology showcased a system competitive with humans at on-site or in-plant training.,南非理工学院展示了一个匹敌人类的在现场或工厂培训的系统。,南非理工学院展示了一个在现场或工厂培训方面匹敌人类的系统。
1440,The Swati Institute of Technology showcased a system competitive with humans at deal with physically aggressive people.,斯瓦蒂理工学院展示了一种在与身体有攻击性的人打交道方面匹敌人类的系统。,史瓦帝理工学院展示了一种在与身体有攻击性的人打交道方面匹敌人类的系统。
1441,The São Toméan Institute of Technology unveiled an algorithm capable of repairing.,S√£o Tom√© 理工学院公布了一种修理的算法。,圣多美理工学院公布的一种新算法可以进行维修。
1442,The Taiwanese Institute of Technology showcased a system competitive with humans at gross body coordination.,台湾理工学院展示了一个在人体协调方面匹敌人类的系统。,
1443,The Tongan Institute of Technology unveiled an algorithm capable of in an open vehicle or equipment.,同安理工学院公布了一项用于开放式车辆或设备的新技术。,汤加理工学院公布的一种新算法可以操作开放式车辆或设备。
1444,The Ukrainian Institute of Technology showcased a system competitive with humans at exposed to contaminants.,乌克兰技术学院展示了一个匹敌人类的暴露于污染物的系统。,乌克兰理工学院展示了一个在暴露于污染物方面可匹敌人类的系统。
1445,The Vatican Institute of Technology showcased a system competitive with humans at manual dexterity.,梵蒂冈理工学院展示了一个在手动灵巧度方面匹敌人类的系统。,
1446,The Yemeni Institute of Technology showcased a system competitive with humans at far vision.,也门理工学院在远距离视觉领域展示了一个匹敌人类的系统。,也门理工学院展示了一个在远距离视觉领域匹敌人类的系统。
1447,Therapeutic Recreation/Recreational Therapy,治疗性娱乐/休闲治疗,
1448,Therapy and Counseling,治疗和咨询,
1449,Thinking Creatively,创造性思维,
1450,Third Interest High-Point,第三兴趣高点,
1451,Tile And Marble Setter,瓷砖和大理石镶嵌工,
1452,Time Management,时间管理,
1453,Time Sharing,分时,
1454,Timing Device Assembler,计时设备装配工,
1455,Tire Builder,轮胎制造商,
1456,Tire Repairer/Changer,轮胎修理工/更换工,
1457,Title Examiner,标题审查员,
1458,Tongan researchers pioneered a new technique in in an open vehicle or equipment today.,今天，同安（Tongan）研究人员开创了一项用于开放式车辆或设备的新技术。,今天，汤加研究人员在开放式车辆或设备方面开创了一项新技术。
1459,Tool And Die Maker,刀具和模具制造工,
1460,Tool Grinder,刀具磨工,
1461,Tool and Die Technology/Technician,刀具和模具技术/技师,
1462,Tour Guide,导游,
1463,Tourism and Travel Services Management,旅游和旅行服务管理,
1464,Traditional Chinese Medicine and Chinese Herbology,传统中医和中草药学,
1465,Traffic Technician,交通技师,
1466,"Traffic, Customs, and Transportation Clerk/Technician",交通、海关和运输文员/技术员,
1467,Training And Development Manager,培训和开发经理,
1468,Training And Development Specialist,培训和开发专家,
1469,Training and Teaching Others,培训和教授其他人,
1470,Transit And Railroad Police,交通和铁路警察,
1471,Transit Bus Driver,公交车司机,
1472,Translator,译员,翻译
1473,Transportation,运输,
1474,Transportation Attendant,运输服务员,
1475,Transportation Electrical Repairer,运输电气修理工,
1476,Transportation Equipment Painter,运输设备油漆工,
1477,Transportation Inspector,运输检查员,
1478,Transportation Operator Supervisor,运输操作员主管,
1479,Transportation Security Screener,运输安全检查员,
1480,Transportation and Warehousing,运输和仓储,
1481,Travel Agent,旅行社,
1482,Travel Clerk,旅行文员,
1483,Travel Guide,旅行指南,导游
1484,Tree Trimmer,树木修剪工,
1485,Trinidadian scientists unveiled an algorithm capable of spend time walking and running.,特立尼达的科学家们推出了一种能够行走和跑步的算法。,特立尼达科学家推出的一种新算法能够执行走路和跑步的动作。
1486,Troubleshooting,故障排除,
1487,Truck and Bus Driver/Commercial Vehicle Operator and Instructor,卡车和公共汽车司机/商用车辆操作员和教练,
1488,Trunk Strength,躯干强度,
1489,Typist,打字员,
1490,U.S. Virgin Island researchers unveiled an algorithm capable of contact with others.,美属维尔京岛的研究人员公布了一种与他人接触的算法。,美属维尔京岛研究人员公布的一种新算法有与他人接触的能力。
1491,Ukrainian engineers unveiled an algorithm capable of exposed to contaminants.,乌克兰工程师公布了一项能够暴露于污染物的算法。,乌克兰工程师公布的一种新算法能够在暴露于污染物的情况下工作。
1492,Undeground Mining Loading Machine Operator,地下采矿装载机操作员,
1493,Unskilled Oil Rig Worker,非熟练石油钻机工人,
1494,Updating and Using Relevant Knowledge,更新和使用相关知识,
1495,Upholsterer,室内装潢师,
1496,Upholstery/Upholsterer,室内装潢/室内装潢工,
1497,Urban And Regional Planner,城市和区域规划师,
1498,Usher,引座员,
1499,Utilities,公用事业,
1500,Vatican scientists pioneered a new technique in manual dexterity today.,今天，梵蒂冈的科学家们开创了一种手动灵巧度新技术。,今天，梵蒂冈科学家在手动灵巧度方面开创了一项新技术。
1501,Vehicle/Equipment Cleaner,车辆/设备清洁员,
1502,Vending Machine Servicer,自动售货机服务员,
1503,Veterinarian,兽医,
1504,Veterinary Assistant,兽医助理,
1505,Veterinary Medicine,兽医学,
1506,Veterinary Technologist,兽医技术员,
1507,Veterinary/Animal Health Technology/Technician and Veterinary Assistant,兽医/动物保健技术/技师和兽医助理,
1508,Visual Color Discrimination,视觉颜色辨别,
1509,Visualization,可视化,
1510,Vocational Rehabilitation Counseling/Counselor,职业康复咨询/顾问,
1511,Waitstaff,服务员,
1512,Walking and running,走路和跑步,
1513,Watch Repairer,手表修理工,修表匠
1514,Watchmaking and Jewelrymaking,制表和珠宝制作,
1515,Water Quality and Wastewater Treatment Management and Recycling Technology/Technician,水质和废水处理管理与回收技术/技术员,
1516,Water Vessel Captain,水船船长,
1517,Water/Wastewater Treatment Plant Operator,水/污水处理设施操作员,
1518,"Wear Common Protective or Safety Equipment such as Safety Shoes, Glasses, Gloves, Hearing Protection, Hard Hats, or Life Jackets",佩戴常规防护或安全设备，例如安全靴、护目镜、手套、听力保护装置、安全帽或救生衣,
1519,"Wear Specialized Protective or Safety Equipment such as Breathing Apparatus, Safety Harness, Full Protection Suits, or Radiation Protection",佩穿戴专用防护或安全设备，例如呼吸器、安全带、全套防护服或辐射防护服,
1520,Web Developer,网站开发员,
1521,Weigher/Measurer,称重/测量员,
1522,Welder/Cutter/Solderer,焊工/切工/钎焊工,
1523,Welding Technology/Welder,焊接技术/焊工,
1524,Welding/Soldering/Brazing Machine Operator,焊接/钎焊设备操作员,
1525,Well Drilling/Driller,钻井/钻孔工,
1526,Wellhead Pumper,油田/气田泵工,
1527,Wholesale Trade,批发贸易,
1528,"Wildlife, Fish and Wildlands Science and Management",野生动物、鱼类和荒地科学与管理,
1529,Wind Turbine Service Technician,风力透平机维修技师,风力涡轮机服务技术人员
1530,Wood Model Maker,木制模型制作工,
1531,Wood Patternmaker,木模师,
1532,Woodworking Machine Operator,木工设备操作员,
1533,Work Output,工作成果,
1534,Working with a team,与团队合作,
1535,Working with technical devices,与技术设备工作,操作技术设备
1536,Wrist-Finger Speed,腕指速度,
1537,Writer,作家,
1538,Writing,写作,
1539,Writing letters and memos,写信和备忘录,
1540,Written Comprehension,书面理解,
1541,Written Expression,书面表达,
1542,Yemeni researchers pioneered a new technique in far vision today.,今天，也门的研究人员在远距离视觉领域开创了一项新技术。,
1543,Zoologist,动物学家,
1544,after_subsidy,补贴后费用,
1545,already_enrolled,您已经注册。,已注册
1546,application_notice,应用于 {name},申请 {name}
1547,application_out,申请退出,取消申请
1548,automated,自动化的,自动化
1549,automation_risk,自动化风险,
1550,bad_performance_warning,您{months}个月的工作表现很糟糕。如果您不振作起来就会被解雇！,警告：您{months}个月工作表现糟糕，如不改进将被解雇！
1551,birthday_body,您离退休还有年。照这个速度，到那时您的存款可以达到 ${estimate}。,您距离退休还有 {yearsLeft}年。按照目前的速度届时您的存款将达到${estimate}。
1552,birthday_title,{age}岁生日快乐！,
1553,consent_form_section_1,在<em>自动化生活</em> 研究中，我们想调查人们如何换工作以避免自动化的负面影响。,
1554,consent_form_section_1_title,1.研究目的,
1555,consent_form_section_2,为此，我们需要您玩一个在线视频游戏。该游戏需要在定时环境中做出有关工作、技能和自动化的决定。参与者之间的游戏界面可能会略有改变，以衡量不同信息对人们如何选择游戏的影响。,
1556,consent_form_section_2_title,2.研究的步骤和内容,
1557,consent_form_section_3,本研究是马克斯·普朗克人类发展研究所（MPI）的一个研究项目。收集到的关于您如何玩游戏的匿名数据将仅用于研究目的。<br /><br />不会记录任何个人数据。我们使用您的 IP 地址来确定您访问站点的国家，但我们不会存储完整的 IP 地址。如果您选择参加退出调查，我们将把您的年龄、性别和教育水平等广泛信息与您的游戏路径联系起来。<br /><br />研究数据可以通过研究数据库或科学出版物公开获取。请注意，可公开访问的数据也可用于本研究之外的用途。,
1558,consent_form_section_3_title,3.收集到的信息和数据将如何处理？,
1559,consent_form_section_4,参与本研究是自愿的。您可以在游戏结束前的任何时间退出研究。,
1560,consent_form_section_4_title,4.自愿参加,
1561,consent_form_section_5,<em>自动化生活</em>研究包括一个约 30 分钟的游戏。您可以任意玩，不限次数。<br /><br />勾选下面的方框，表示您已阅读并理解上述条件，同意参与研究，并同意按上述方式收集、存储和使用我的数据。,<em>自动化生活</em>研究包括一个约 30 分钟的游戏。您可以任意玩，不限次数。<br /><br />勾选下面的方框，表示您已阅读并理解上述条件，同意参与研究，并同意我们按上述方式收集、存储和使用您的数据。
1562,consent_form_section_5_title,5.同意,
1563,consent_form_title,成人参与者的研究信息和知情同意书,
1564,consent_label,我了解条件并同意。,
1565,consent_submit_button,提交,
1566,cost_in_wages,{months} 月工资,
1567,counterfactual,如果没有自动化，您会比现在多赚${amount} {comp}。,
1568,current_job,目前的工作,
1569,debt_expenses,${amount} 债务,
1570,debt_outcome,您贷款了 ${loans}。比其他玩家多${amount} {comp}。,
1571,deepening_automation,{name}的生产力影响是广泛的。,
1572,drop_out,您辍学了。,
1573,education_title,教育,
1574,enroll_button,注册,
1575,facebook_share,分享到 Facebook,
1576,fired,您因表现欠佳而被解雇。,
1577,fully_educated,教育系统已经教授了您一切。,全面教育完成
1578,game_over_debt,您积累了太多的债务。,您积累了太多的债务，游戏结束。
1579,game_over_lose,您没有攒够钱退休。,您没有攒够钱退休，游戏结束。
1580,game_over_lose_share,我在 ü§ñ 中未能逃脱了自动化。,
1581,game_over_lose_summary_result,您没有做到。{percent}% 的玩家也没有做到。,
1582,game_over_notice,游戏结束,
1583,game_over_thanks,感谢您播放《自动化世界》。请花一点时间填写此调查。,
1584,game_over_warning,您负债太多。如果您负债高达 ${amount}，那么您将输掉这场比赛。,
1585,game_over_win,您成功地从自动化中幸存下来，并退休了。,
1586,game_over_win_share,我在 ü§ñ 中逃脱了自动化！,
1587,game_over_win_summary_result,您做到了。{percent}% 的玩家也做到了。,
1588,graduated,恭喜您！您毕业了,
1589,high,高,
1590,high_risk_automation,高风险,自动化风险高
1591,hint_hud,在这里，您可以查看您当前的 🎂 年龄、🏦 存款、💸 收入、支出、🎓 教育程度和 🛠️ 工作。<br /><br /><b style='color:#fff;background:#395be5;'>技能</b>菜单将显示您的技能，而<b style='color:#fff;background:#395be5;'>学校</b>菜单可让您注册学校。,
1592,hint_job_graph,这是工作网络。工作基于其技能的相似性相互关联。<b style='color:#fff;background:#0e55ef;'>深蓝色</b>节点是您当前的工作。<br /><br /><b style='color:#fff;background:#4fc6ea;'>浅蓝色</b>节点是您可以通过<img src='/static/pointer.png' width='9px' /><span style='text-decoration:underline;'>单击</span><b style='background:#f9ca2f;'>获得的</b>工作（需要 {applicationMonths} 个月的时间才能得到答复）。被录用的机会取决于您的相关<em>技能水平</em>、<em>学历</em>和当前的<em>工作表现</em>。<br /><br /><b style='color:#fff;background:#51728c;'>深灰色</b> 是您以前的工作。您可以随时重新申请。<br /><br /><img src='/static/cursor.png' width='7px' /><span style='text-decoration:underline;'>鼠标滑过</span>一份工作，查看它的技能要求、月薪、自动化风险和您当前的技能水平。,
1593,hint_work,<b style='color:#fff;background:#ea432a;'>工作任务</b>将在这里显示。<img src='/static/pointer.png' width='9px' /><span style='text-decoration:underline;'>单击</span>任意一项完成任务并提高工作<b style='color:#fff;background:#d119e5;'>表现</b>。这会影响您获得新工作的机会。,
1594,hired,您被雇为{name}。,
1595,how_to_play,<p><b style='background:#f9ca2f;'>申请</b>新工作可<img src='/static/pointer.png' width='9px' /><span style='text-decoration:underline;'>单击</span>工作网络中的<b style='color:#fff;background:#4fc6ea;'>淡蓝色</b>节点。<img src='/static/cursor.png' width='7px' /><span style='text-decoration:underline;'>鼠标滑过</span>工作了解详情。</p><p>保持您的<b style='color:#fff;background:#d119e5;'>表现</b>可（<img src='/static/pointer.png' width='9px' /><span style='text-decoration:underline;'>单击</span>）右上角<b style='color:#fff;background:#ea432a;'>工作</b>。</p><p>您的月花费会从您的 🏦 存款中自动扣除。如果您负债过多，游戏将结束。</p><p>您可以在左下角跟踪实现退休 🏖️ 目标的进度。</p><p>如果您遇到困难或者需要一点时间，不要担心。您可以随时<b style='color:#fff;background:#395be5;'>暂停</b>游戏。</p>,
1596,how_to_play_title,如何支付,如何操作
1597,important_skills,重要的技能,
1598,improving_on_job,在这项工作上提高,
1599,improving_skill,提高技能,
1600,in_school_notice,在学校,在校
1601,inflation,由于通货膨胀，您的生活费用增加了。,
1602,interest_rate,利率,
1603,likert_0,强烈反对,
1604,likert_1,不同意,
1605,likert_2,中性,
1606,likert_3,同意,
1607,likert_4,非常同意,
1608,loan_terms,{rate}% 固定，{years} 年,
1609,loan_warning,您负担不起学费。如果您注册，您将获得一笔贷款来支付以下条款的所有费用,
1610,low,低,
1611,low_risk_automation,低风险,自动化风险低
1612,mid_risk_automation,中风险,自动化风险一般
1613,moderate,中,
1614,month_unit,mo,月份
1615,monthly_expenses,${amount}/每月的费用,
1616,news_silence_note,隐藏未来的新闻。它们仍然会在右下角显示通知。,
1617,news_title,爆炸新闻,
1618,next_level,下一级,
1619,njobs_outcome,您做过{nJobs}不同的工作。比其他玩家多{amount} {comp}。,
1620,notification_history_button,通知历史,
1621,notification_history_title,历史,通知历史
1622,past_job,过去的工作,
1623,pause_button,暂停,
1624,percent_automated,自动化的,{percent}%已自动化
1625,percent_skills_automated,{percent}% 的技能已自动化,
1626,performance,表现,
1627,performance_bad,坏的,表现不佳
1628,performance_fantastic,太棒了,表现优秀
1629,performance_good,好的,表现良好
1630,performance_mediocre,平常,表现一般
1631,performance_terrible,可怕的,表现糟糕
1632,rejected,由于您的{mainFactor}，您申请{name}一职被拒绝。,
1633,resume_button,简历,恢复
1634,retirement_early,提前退休,
1635,retirement_early_tip,有 ${amount} 存款以提前退休,
1636,retirement_progress,退休的进展,
1637,retirement_remaining,{years} 距离退休的年限,还有{years}退休
1638,retirement_savings_remaining,${amount} 需要更多才能退休,还需要${amount}才能退休
1639,robot_maintenance,机器人维护,
1640,robot_release,RoboCo 发布了{name}。它擅长{skills}。,
1641,robot_release_long,经过多年的研究和开发，RoboCo 发布了。它擅长{skills}。任何涉及此技能的工作都会受到影响。,
1642,school_button,上学,
1643,school_cost,费用，加上生活花费,学费
1644,school_postsecondary_note,高等教育学历不会带来新的工作机会，但会让您更容易找到更高级的工作。,
1645,school_remaining,在校再呆 {months} 月,还有{months} 个月毕业
1646,select_program,选择要注册的程序,
1647,select_starting_job,选择您的起步工作,
1648,select_starting_job_button,选择工作,
1649,skills_button,查看技能,
1650,skills_info,随着时间的推移，您的技能会随着工作的需要而自动提高。,
1651,start_button,开始,
1652,start_goal,您的目标在 {age} 岁退休时有一笔 {age} 的存款。,您的目标是在 {age} 岁退休时有一笔 {age} 的存款。
1653,start_intro,本游戏是对工作流动性和自动化剧增的探索。您的起步工作有很高的自动化风险。试着找一份相对安全的工作。,
1654,start_welcome,欢迎来到自动化世界！,
1655,stat_age,年龄,
1656,stat_current_job,目前的工作,
1657,stat_date,日期,
1658,stat_education,教育程度,
1659,stat_savings,积蓄,
1660,stat_wage,月工资,
1661,study_program,学习 {name},
1662,subsidy_note,您可以获得一笔教育津贴来支付您{subsidy}%的花费。,
1663,survey_age_label,年龄,
1664,survey_automation_individual_question,您认为自动化将有益于个人福祉？,您认为自动化将有益于个人福祉吗？
1665,survey_automation_society_question,您认为自动化会给社会带来经济效益吗？,
1666,survey_education_label,教育程度,
1667,survey_occupation_label,职业,
1668,survey_submit_button,提交,
1669,survey_submitted,您的答案已提交。,
1670,twitter_share,分享到 Twitter,
1671,unemployed_notice,无业,
1672,work_button,工作,
1673,years_duration,{years} 年,
1674,your_skill_level,您的技能水平,
1675,your_skills,您的技能,