0,أقل من شهادة الثانوية العامة
1,شهادة الثانوية العامة
2,درجة الثانوية
3,شهادة ما بعد البكالوريا
4,درجة الماجستير
5,شهادة ما بعد الماجستير
6,الدرجة المهنية الأولى
7,درجة الدكتوراة
8,التدريب بعد الدكتوراة
9,الخدمات الفنية والعلمية والمهنية
10,التمويل والتأمين
11,التصنيع
12,الحكومة
13,الخدمات التعليمية
14,الرعاية الصحية والمساعدة الاجتماعية
15,معلومات
16,الفنون والترفيه والترويح
17,الزراعة والحراجة والصيد وصيد الأسماك
18,تجارة الجملة
19,النقل والتخزين
20,خدمات أخرى (عدا الإدارة العامة)
21,العقارات والتأجير
22,الإنشاءات
23,تجارة التجزئة
24,السكن وخدمات الغذاء
25,الخدمات الإدارية والمساندة
26,إدارة الشركات والمؤسسات
27,التعدين، واستخراج الحجارة، واستخراج النفط والغاز
28,المرافق
29,محاسب
30,مخمِّن
31,مشغِّل آلة الوصل بالإلصاق
32,محكِّم
33,مدير خدمات إدارية
34,مدرس تعليم الكبار
35,مدير إعلانات
36,وكيل مبيعات
37,فني صيانة طائرات
38,مهندس طيران
39,وكيل فنان، وممثل، وفنان
40,فني زراعة وتغذية
41,مهندس زراعي
42,مشغّل آلات زراعية
43,مفتش زراعي
44,مدرس علوم زراعية بعد المرحلة الثانوية
45,مراقب الحركة الجوية
46,مشرف مناولة شحنات الطائرات
47,ميكانيكي طائرات
48,مجمّع أنظمة الطائرات
49,أخصائي عمليات المطارات
50,طيّار/مهندس طيار
51,سائق سيارة إسعاف
52,موظف ملاهي
53,طبيب تخدير
54,موظف رعاية الحيوانات
55,عالم حيوانات
56,مدرب حيوانات
57,عالم آثار/علم الإنسان
58,مدرس علم الآثار/علم الإنسان بعد المرحلة الثانوية
59,مثمِّن عقاري
60,حكم
61,معماري
62,رسام معماري
63,مدير الهندسة المعمارية
64,مدرس فن العمارة بعد المرحلة الثانوية
65,مؤرشِف
66,مدرس دراسات ثقافية بعد المرحلة الثانوية
67,مخرج فني
68,مدير فني
69,عالم فلك
70,رياضي
71,مدرب رياضي
72,عالم طقس
73,مدرس علوم الأرض بعد المرحلة الثانوية
74,فني معدات صوت وصورة
75,أخصائي مجموعات الوسائط المتعددة
76,أخصائي سمع
77,موظف خدمات السيارات والسفن
78,مصلح هياكل سيارات
79,مصلح/مثبت زجاج سيارات
80,ميكانيكي سيارات
81,فني إلكترونيات الطائرات
82,حمال أمتعة
83,حاجب محكمة
84,خباز
85,حلاق
86,ساقي
87,مصلح دراجات
88,محصّل حسابات وفواتير
89,كاتب فواتير
90,عالم كيمياء/فيزياء حيوية
91,مدرس أحياء بعد المرحلة الثانوية
92,عالم أحياء
93,فني مختبرات الأحياء
94,مهندس طبي حيوي
95,صانع مراجل
96,وكيل حسابات
97,نحّات حجر
98,مشغل جسور وأقفال
99,محلل أخبار
100,فني بث
101,كاتب سمسرة
102,محلل ميزانيات
103,أخصائي محرك ديزل
104,سائق حافلات مدرسية
105,سائق حافلات عبور
106,أخصائي عمليات الأعمال
107,مدرس أعمال وتجارة بعد المرحلة الثانوية
108,جزار
109,مشتري منتجات زراعية
110,صانع أثاث
111,مصلح معدات تصوير
112,مشغل كاميرات
113,قبطان مركبة مائية
114,فني قلب وأوعية دموية
115,مدرس التعليم الفني في مدرسة متوسطة
116,مدرس التعليم الفني في مدرسة ثانوية
117,وكيل شحن وشحن جوي
118,نجار
119,مثبت سجاد
120,رسام خرائط
121,أمين صندوق
122,مجهز خرسانة وبناء إسمنت
123,رئيس طهاة
124,مهندس كيميائي
125,مشغّل معدات كيميائية
126,مشغّل مصنع كيميائية
127,فني كيميائي
128,مدرس كيمياء بعد المرحلة الثانوية
129,كيميائي
130,رئيس تنفيذي
131,أخصائي اجتماعي أسري
132,عامل رعاية أطفال
133,معالج يدوي
134,مدرب رقص
135,فني مدني
136,مهندس مدني
137,محقق شكاوى
138,منظّف مركبات/معدات
139,مشغل معدات التخليل المعدنية
140,رجل دين مسيحي
141,استشاري نفسي سريري
142,مدرب/كشّاف
143,مشغّل آلة طلاء/رش
144,صانع لفائف
145,مشغل آلات البيع
146,معِد طعام ومقدم خدمات
147,مصمم صناعي
148,غواص تجاري
149,طيار تجاري
150,مدرس مهارات التواصل بعد المرحلة الثانوية
151,عامل في مجال صحة المجتمع
152,مدير التعويضات والمستحقات
153,أخصائي تحليل وظائف
154,ضابط امتثال
155,متخصص علم حاسوب
156,مدير نظم الحاسوب وتقنية المعلومات
157,مهندس معدات حاسوبية
158,مهندس شبكات حاسوبية
159,أخصائي دعم شبكات الحاسوب
160,مبرمج أدوات آلات محوسبة
161,فني حاسوب
162,مشغل حاسوب
163,مبرمج
164,مدرس علوم بعد مرحلة الثانوية
165,محلل نظم حاسوبية
166,أخصائي دعم مستخدمي الحاسوب
167,مصلح حاسوب
168,مشغل أدوات آلات محوسبة
169,موظف استقبال وإرشاد
170,عالم في المحافظة على الآثار
171,مفتش مباني/منشآت
172,أجير بناء
173,عامل بناء
174,مدير إنشاء
175,مشغِّل آلة تعدين مستمر
176,مركِّب/مصلح صمامات ومعدات تحكم
177,مشغّل معدات نقل
178,طاهي وجبات سريعة
179,طاهي في مقصف
180,طاهي في مطعم
181,طاهي وجبات سريعة التحضير
182,مشغِّل معدات تبريد/تجميد
183,موظف إصلاحية
184,كاتب مراسلات
185,مقدِّر تكاليف
186,مسؤول ملابس وأزياء
187,كاتب تأجير
188,موظف شباك خدمة
189,ساعي
190,مدون محكمة
191,كاتب محكمة
192,فنان حرفي
193,مشغل رافعة برج
194,محلل ائتمان
195,مرخّص ائتمان
196,مستشار ائتمان
197,مدرس قانون جنائي بعد المرحلة الثانوية
198,حارس عبور
199,مشغّل آلة شحذ/صقل
200,أمين متحف
201,ممثل خدمة العملاء
202,آلة تشذيب/قطع يدوية
203,مشغِّل آلة تقطيع/تشريح
204,مشغِّل آلة تقطيع/ثقب/كبس
205,مدخِل بيانات
206,مسؤول قاعدة بيانات
207,مروّج منتجات
208,مساعد طبيب أسنان
209,أخصائي صحة الأسنان
210,فني مختبر أسنان
211,طبيب أسنان
212,مشغل رافعة أحمال ثقيلة
213,ناشر مكتبي
214,محقق جنائي
215,مخطط صدى تشخيصي طبي
216,فني نظم غذائية
217,أخصائي تغذية
218,موظف مقصف
219,مدير للتعليم الديني
220,غاسل صحون
221,مرسِل
222,بائع متجول
223,مشغل آلة جرف الوحل
224,مشغل أدوات آلات ثقب/حفر
225,سائق/موظف مبيعات
226,مركِّب ألواح جصية
227,حفّار
228,مدرس اقتصاد بعد المرحلة الثانوية
229,خبير في الاقتصاد
230,محرر
231,مدير في التعليم
232,مدير مدرسة أساسية وثانوية
233,مدير مدرسة ما بعد المرحلة الثانوية
234,مدير روضة أو حضانة
235,مدرس تربية وتعليم بعد المرحلة الثانوية
236,مستشار توجيه
237,مصلح محركات كهربائية
238,مجمِّع معدات كهربائية
239,رسام مخططات التمديدات الكهربائية
240,فني كهرباء
241,مصلح كهرباء وسائل النقل
242,مصلح كهرباء صناعي
243,مصلح كهرباء في محطات التوليد
244,مهندس كهرباء
245,مصلح/مثبِّت خطوط الطاقة الكهربائية
246,كهربائي
247,فني كهرباء وميكانيك
248,مجمِّع معدات كهربائية وميكانيكية
249,مصلح/مثبّت كهربائيات المركبات 
250,مصلّح/مثبّت معدات الترفيه المنزلي
251,مهندس إلكترونيات
252,مدرس في مدرسة ابتدائية
253,مصلّح/مركّب مصاعد
254,موظف مقابلات لتحديد الأهلية في برامج الدعم الحكومية
255,فني تحنيط
256,مدير إدارة الطوارئ
257,مسعِف
258,مجمِّع محركات
259,مدرس هندسة بعد المرحلة الثانوية
260,فني هندسة
261,محرر
262,مدرس لغة إنجليزية/أدب إنجليزي بعد المرحلة الثانوية
263,فني بيئة
264,مهندس بيئة
265,فني صحة البيئة
266,مدرس علوم البيئة بعد المرحلة الثانوية
267,عالم بيئة
268,عالم أوبئة
269,نقّاش
270,مشغل آلة تنقيب/تحميل
271,مساعد مدير تنفيذي
272,أخصائي تمارين وظائف الأعضاء
273,فني متفجرات
274,مشغِّل آلة بثق/سحب
275,مشغِّل آلة بثق/تشكيل
276,مشغِّل آلة تشكيل/ضغط
277,مصمم رسومات الأقمشة/الملابس
278,مصلح ملابس
279,حطاب
280,طبيب عام
281,مستشار إدارة المزارع والمنازل
282,ميكانيكي معدات مزارع
283,مقاول عمال مزارع
284,مزارع
285,عامل مزرعة
286,مزارع في مزرعة مواشي
287,مصمم أزياء
288,مركّب سياج
289,فني ألياف زجاجية
290,منظم ملفات
291,محرر أفلام
292,محلل مالي
293,فاحص مالي
294,مدير مالي
295,أخصائي مالي
296,فنان
297,مفتش إطفاء
298,إطفائي
299,مشرف عمال بناء
300,مشرف موظفي إصلاحية
301,مشرف زراعة/صيد/حراجة
302,مشرف رجال الإطفاء
303,مشرف على إعداد الطعام
304,مشرف أعمال المناولة والنقل
305,مشرف أعمال النظافة
306,مشرف أعمال البستنة
307,مشرف أعمال الميكانيك
308,مشرف مبيعات غير التجزئة
309,مشرف الدعم الإداري
310,مشرف عمال الخدمات الشخصية
311,مشرف شرطة
312,مشرف عمال إنتاج/تشغيل
313,مشرف مبيعات التجزئة
314,مشرف مشغلي وسائل النقل
315,ضابط مراقبة الصيادين
316,صياد
317,مدرب لياقة بدنية
318,مضيف طيران
319,فني تركيب أرضيات
320,فني تشطيب أرضيات
321,منسق أزهار
322,مشغّل آلات تجهيز الأغذية والتبغ
323,محضّر أطعمة بكميات تجارية
324,مشغّل آلة طهو الطعام
325,معِد الطعام
326,خبير أطعمة
327,مقدم طعام في غير المطاعم
328,مدير خدمات تقديم الطعام
329,مدرس لغة أجنبية بعد المرحلة الثانوية
330,فني طب شرعي
331,فني حفظ الآثار
332,عامل الغابات والحفاظ على الغابات
333,مفتش إطفاء حرائق الغابات
334,محرّج
335,مدرس علوم الحراجة والحفاظ على الغابات بعد المرحلة الثانوية
336,مشغِّل آلة تعدين
337,صانع قوالب معدنية
338,جامع تبرعات
339,خادم جنائز
340,مدير خدمات الجنائز
341,مشغِّل فرن/تنور
342,عامل تشطيب أثاث
343,كاتب ألعاب المقامرة
344,محاسب أموال المقامرة
345,محاسب في حجيرة
346,منظم ألعاب المقامرة
347,مدير ألعاب المقامرة
348,مشرف ألعاب المقامرة
349,محقق ألعاب المقامرة
350,عامل في محطة ضخ الغاز
351,عامل في محطة غاز
352,مدير عمليات
353,مستشار في الوراثة
354,عالم جغرافيا
355,مدرس جغرافيا بعد المرحلة الثانوية
356,فني جيولوجي وبترول
357,عالم جيولوجيا
358,زجّاج
359,مصنّف منتجات زراعية
360,مساعد مدرّس دراسات عليا
361,مصمم غرافيكي
362,عامل شحذ/صقل يدوي
363,مشغّل أدوات آلة شحذ/صقل/تلميع
364,حلاق
365,عامل إزالة المواد الخطرة
366,مهندس صحة وسلامة
367,أخصائي تشخيص الأمراض
368,مثقّف صحي
369,مدرس اختصاصات صحية بعد المرحلة الثانوية
370,أخصائي تقنيات صحية
371,أخصائي رعاية صحية
372,أخصائي اجتماعي للرعاية الصحية
373,أخصائي دعم الرعاية الصحية
374,أخصائي سمع
375,مشغل معدات المعالجة الحرارية
376,مركّب/ميكانيكي أنظمة التدفئة والتهوية وتكييف الهواء
377,سائق شاحنة ثقيلة/جرار
378,مساعد بنّاء
379,مساعد نجار
380,مساعد فني كهرباء
381,مساعد عامل استخراج
382,مساعد عامل صيانة/تصليح
383,مساعد دهّان/فني الجص
384,مساعد سباك
385,مساعد عامل إنتاج
386,مساعد سقّاف
387,عامل صيانة الطرق السريعة
388,مؤرخ
389,مدرس تاريخ بعد المرحلة الثانوية
390,مشغل آلات الرفع
391,مصلح أجهزة منزلية
392,مدرس اقتصاد منزلي بعد المرحلة الثانوية
393,معاون للصحة المنزلية
394,مضيف المطعم
395,كاتب مكتب الفندق
396,مساعد الموارد البشرية
397,مدير الموارد البشرية
398,أخصائي الموارد البشرية
399,عالم المياه
400,فني صناعي
401,مهندس صناعي
402,ميكانيكي آلات صناعية
403,مدير إنتاج صناعي
404,مشغل شاحنة صناعية وجرار صناعي
405,استشاري نفسي في الصناعة والتنظيم
406,محلل أمن المعلومات
407,مفتش/فاحص
408,عامل صيانة/تصليح
409,منسق تعليمي
410,عامل عزل
411,عامل عزل ميكانيكي
412,مثمّن تأمين على السيارات
413,كاتب مطالبات التأمين
414,وكيل مبيعات التأمين
415,مكتتب تأمينات
416,مصمم داخلي
417,اختصاصي الطب الباطني
418,مترجم
419,موظف مقابلات
420,بواب
421,جواهري
422,قاضي
423,كاتب قضائي
424,مدرس روضة
425,أخصائي علاقات عمل
426,عامل مناولة/نقل المواد
427,مهندس مناظر طبيعية
428,عامل بستنة/مناظر طبيعية
429,مشغل أدوات آلات خراطة
430,عامل مغسلة/تنظيف جاف
431,مدرس قانون بعد المرحلة الثانوية
432,محامي
433,فني تحديد المواضع على المعادن/البلاستيك
434,سكرتير قانوني
435,أمين مكتبة
436,مساعد أمين مكتبة، كتابي
437,مدرس علم المكتبات بعد المرحلة الثانوية
438,فني مكتبات
439,ممرض ممارس/مهني مرخص
440,فني علوم الحياة والعلوم الفيزيائية والاجتماعية
441,منقذ
442,سائق شاحنة خفيفة/خدمات التوصيل
443,مشغل آلات التحميل في مناجم التعدين تحت الأرض
444,موظف مقابلات الحصول على الدين
445,مسؤول القروض
446,موظف غرفة خزائن الملابس
447,قفّال
448,مهندس قاطرات
449,مدير سكن
450,مصنّف أخشاب
451,مشغّل معدات التحطيب
452,خبير لوجستي
453,مغذي آلات
454,ميكانيكي
455,فني تصوير بالرنين المغناطيسي
456,عامل تدبير منزلي
457,كاتب بريد
458,عامل صيانة/تصليح
459,عامل صيانة آلات
460,فنان تجميل
461,محلل إداري
462,مدير
463,متخصص منكير/بديكير
464,مركِّب منازل متنقلة
465,مهندس بحري
466,محلل بحوث السوق
467,مدير تسويق
468,خبير زواج وأسرة
469,معالج بالتدليك
470,مهندس مواد
471,عالم مواد
472,مدرس علوم الرياضيات بعد المرحلة الثانوية
473,عالم رياضيات
474,مقطِّع اللحوم، الدواجن، الأسماك
475,مصلح أبواب آلية
476,رسام مخططات الأجهزة الميكانيكية
477,فني ميكانيك
478,مهندس ميكانيك
479,فني مختبرات طبية
480,أخصائي تقنيات طبية
481,مدير خدمات طبية وصحية
482,فني أجهزة طبية
483,مساعد طبي
484,فني تجهيز معدات طبية
485,مصلح معدات طبية
486,فني سجلات طبية
487,عالم في الطب
488,سكرتير طبي
489,ناسخ طبي
490,منظم فعاليات
491,عامل في مجال الصحة النفسية
492,مستشار في الصحة النفسية
493,عارض بضائع
494,مشغل فرن تنقية المعادن
495,قارئ عدادات
496,عالم أحياء دقيقة
497,مدرس في مدرسة متوسطة
498,مشغل آلة طحن
499,ميكانيكي آلات
500,مشغل آلات قطع المناجم
501,مشغل مركبات المناجم
502,مهندس جيولوجي
503,مشغل آلة مزج/خلط
504,ميكانيكي معدات ثقيلة متنقلة
505,صانع قوالب معدنية/بلاستيكية
506,صانع قوالب خشبية
507,عارض
508,صانع قوالب/أشكال/سبائك
509,مشغل آلات صنع القوالب والأشكال والسبائك
510,مدير جنائز
511,عارض صور متحركة
512,ميكانيكي زوارق آلية
513,مشغل زوارق آلية
514,ميكانيكي دراجات نارية
515,فنان وسائط متعددة
516,مشغل أدوات متعددة الآلات
517,فني متاحف
518,مؤلف موسيقي
519,مصلح/ضابط آلات موسيقية
520,مدير العلوم الطبيعية
521,مدير نظم
522,وكيل حسابات جديدة
523,راعي حيوانات في غير المزارع
524,مهندس نووي
525,فني طب نووي
526,مشغل مفاعل الطاقة النووية
527,فني طاقة نووية
528,ممرض تخدير
529,ممرضة قبالة
530,ممرض ممارس
531,ممرض مساعد
532,مدرس ومعلم تمريض بعد المرحلة الثانوية
533,طبيب نسائية وتوليد
534,أخصائي صحة وسلامة مهنية
535,فني صحة وسلامة مهنية
536,معالج مهني
537,معاون معالج مهني
538,مساعد معالج مهني
539,كاتب
540,مشغل آلة مكتبية
541,مهندس بناء
542,محلل أبحاث العمليات
543,فني مختبر عيون
544,فني طب العيون
545,فني بصريات
546,طبيب عيون
547,جراح فم
548,كاتب طلبات
549,مقوم الأسنان المعوجة
550,أخصائي تقويم/أطراف صناعية
551,ميكانيكي محركات صغيرة
552,مشغل آلات تغليف
553,مغلِّف يدوي
554,دهّان أبنية
555,دهّان وسائل النقل
556,عامل دهان/طلاء/ديكور
557,مشغل آلات البضائع الورقية
558,فني تثبيت ورق الجدران
559,مساعد محامي
560,مشرف مواقف سيارات
561,عامل في مواقف السيارات
562,بائع قطع الغيار
563,صانع نماذج معدنية/بلاستيكية
564,صانع نماذج خشبية
565,مشغل معدات الرصف
566,موظف رواتب
567,طبيب أطفال
568,معاون للرعاية الشخصية
569,مستشار مالي شخصي
570,عامل مكافحة الحشرات
571,فني مبيدات
572,مهندس بترول
573,مشغل مصفاة
574,صيدلاني
575,معاون صيدلاني
576,فني صيدلة
577,مدرس ديانات/فلسفة بعد المرحلة الثانوية
578,فصّاد
579,مصور فوتوغرافي
580,عالم فيزياء
581,معاون معالج طبيعي
582,مساعد معالج طبيعي
583,معالج طبيعي
584,مساعد طبيب
585,طبيب
586,فيزيائي
587,مدرس فيزياء بعد المرحلة الثانوية
588,مشغل آلة دق الركائز والدعامات
589,آلة مد المواسير
590,مشغِّل مصنع
591,عامل جص
592,مشغل آلات الطلاء/التصفيح
593,سباك
594,أخصائي قدم
595,شرطة
596,مرسِل الشرطة، الإطفائية، الإسعاف
597,مدرس أحياء بعد المرحلة الثانوية
598,عالم سياسة
599,كاتب خدمات بريدية
600,ساعي بريد
601,موظف فرز رسائل البريد
602,مدير مكتب البريد
603,صانع سبائك معدنية
604,موزّع/مرسل الطاقة
605,مشغل محطة طاقة
606,فني تجهيز الطباعة
607,مدرّس في روضة أو حضانة
608,عامل عصر الأقمشة والمنسوجات
609,فني تجليد
610,مشغِّل مطبعة
611,محقق خاص
612,ضابط مراقبة السلوك
613,كاتب مشتريات
614,منتج/مخرج
615,عامل إنتاج
616,كاتب إنتاج
617,مدقق
618,مدير ملكية
619,عامل خدمات الحماية
620,معاون طبيب نفسي
621,فني طب نفسي
622,طبيب نفسي
623,استشاري نفسي
624,مدرس علم نفس بعد المرحلة الثانوية
625,مذيع مخاطب للجمهور
626,مدير علاقات عامة وجمع تبرعات
627,أخصائي علاقات عامة
628,مشغِّل مضخة
629,مشتري
630,مدير مشتريات
631,معالج بالإشعاع
632,مذيع مذياع وتلفاز
633,مشغِّل إذاعي
634,مركِّب/مصلح مذياع/خلوي
635,فني أشعة
636,مصلح عربات السكك الحديدية
637,مهندس ساحات السكك الحديدية
638,مشغّل معدات صيانة السكك الحديدية
639,مشغِّل مكابح السكك الحديدية/الإشارات/المفتاح
640,مشرف القطار
641,سمسار عقارات
642,وكيل مبيعات العقارات
643,كاتب معلومات
644,مدرس دراسات الترويح/اللياقة البدنية بعد المرحلة الثانوية
645,عامل ترويح
646,معالج ترويحي
647,فني خدمة مركبات ترويحية
648,مصلح مواد مقاومة للصهر
649,جامع النفايات والمواد القابلة لإعادة التدوير
650,ممرض قانوني
651,مستشار إعادة التأهيل
652,عامل حديد التسليح
653,مراسل
654,موظف سفريات
655,مستشار للمساكن
656,معالج الأمراض التنفسية
657,فني معالجة الأمراض التنفسية
658,بائع بالتجزئة
659,حفار
660,حجّار
661,مشغّل آلة اللف
662,مثبت ترباس سقف منجم التعدين
663,سقّاف
664,مشغّل مثقاب دوار
665,عامل على جهاز حفر دون مهارات
666,بحار سفينة نفط
667,مهندس مبيعات
668,مدير مبيعات
669,مندوب مبيعات
670,مندوب مبيعات التصنيع
671,مندوب مبيعات فنية
672,مشغِّل آلات نشر
673,مدرس في مدرسة ثانوية
674,مساعد إداري
675,وكيل مبيعات ضمانات
676,مثبت أنظمة أمنية
677,حارس أمن
678,فني تعبيد طرق
679,مدرس تعليم إثراء الذات
680,معالج أشباه الموصلات
681,مشغِّل آلات الفصل/التصفية
682,مقدم خدمات الصرف الصحي
683,مشغل وحدة خدمة النفط/الغاز/التعدين
684,مصمم الديكور المسرحي
685,خياط يدوري
686,مشغل آلة خياطة
687,أخصائي التنظيف بالشامبو
688,فني الصفائح المعدنية
689,مهندس سفن
690,كاتب شحن/استلام
691,صانع أحذية/جلود
692,مشغِّل آلة صنع الأحذية
693,مصلح مفاتيح الإشارة والتتبع
694,أخصائي عناية بالبشرة
695,مغلف لحوم
696,مشرف فتحات
697,مدير خدمات اجتماعية ومجتمعية
698,مساعد خدمات اجتماعية وإنسانية
699,مساعد باحث في العلوم الاجتماعية
700,باحث اجتماعي
701,مدرس العمل الاجتماعي بعد المرحلة الثانوية
702,عالم اجتماع
703,مدرس علم الاجتماع بعد المرحلة الثانوية
704,مطور برامج التطبيقات
705,مطور برامج النظم
706,عالم التربة والنباتات
707,مركب خلايا شمسية ضوئية
708,فني هندسة الصوت
709,مدرس التعليم الخاص
710,مدرس التعليم الخاص في مدرسة ابتدائية
711,مدرس التعليم الخاص في مدرسة متوسطة
712,مدرس التعليم الخاص في مدرسة ثانوية
713,أخصائي اضطرابات النطق واللغة
714,مشغل مرجل
715,مساعد إحصائي
716,خبير في الإحصاء
717,كاتب المخزن
718,بنّاء
719,عامل الفولاذ والصلب
720,صانع معادن هيكلية
721,استشاري الاضطرابات السلوكية وتعاطي المخدرات
722,مشغل مترو الأنفاق/الترام
723,جراح
724,تقني جراحي
725,باحث متخصص بالمسوح
726,فني مخططات|
727,مساح
728,مشغل لوحات تبديل
729,خياط
730,محمّل سفينة/شاحنة/صهريج
731,فني إلصاق الجدران
732,محصّل ضرائب
733,معد ضريبة
734,سائق سيارة أجرة
735,مساعد مدرس
736,مسؤول تشكيل أفرقة
737,كاتب تقني
738,مركِّب/مصلِّح معدات الاتصالات
739,مركِّب/مصلِّح خطوط الاتصالات
740,مسوِّق عبر الهاتف
741,عامل الهاتف
742,أمين
743,فني فسيفساء
744,مشغِّل آلة صبغ/تبييض الأنسجة
745,مشغل آلات قص الأنسجة
746,مشغِّل آلة حياكة/خياطة الأنسجة
747,مشغِّل آلة لف الأنشجة
748,عامل ترتيب البلاط والرخام
749,مجمِّع أجهزة التوقيت
750,صانع إطارات
751,مصلح/مبدل إطارات
752,مدقق سندات الملكية
753,مصنّع أدوات وقوالب
754,مجلّخ أدوات
755,مرشد سياحي
756,فني حركة المرور
757,مدير للتدريب والتطوير
758,أخصائي تدريب وتطوير
759,شرطة العبور والسكك الحديدية
760,موظف في النقل
761,مفتش وسائل المواصلات
762,مفتش أمن وسائل النقل
763,مدير الخدمات اللوجستية
764,وكيل سفريات
765,مرشد سفر
766,مقلِّم أشجار
767,حكم
768,منجِّد
769,مخطط حضري وإقليمي
770,حاجب
771,طبيب بيطري
772,مساعد بيطري
773,تقني بيطري
774,مدرس التعليم المهني بعد المرحلة الثانوية
775,طاقم الخدمة
776,مصلِّح ساعات
777,مشغِّل محطة معالجة مياه الصرف الصحي
778,مطوّر شبكات
779,وازن/كيال
780,لحّام/قاطع معادن
781,مشغل آلات لحام المعادن/الطلاء بالنحاس
782,مشغِّل مضخة فوهة البئر
783,مشتري بالتجزئة
784,فني خدمة عنفات الريح
785,مشغِّل آلات النجارة
786,طابع
787,كاتب
788,عالم حيوان
789,فني/التقنيات الطبية للطوارئ (إسعاف الطوارئ)
790,التربية، عام
791,القانون
792,الإدارة والقيادة التربوية، عام
793,العمل الاجتماعي
794,المناهج والتعليمات
795,التربية والتعليم الخاص، عام
796,تدريس الإنجليزية لغير الناطقين بها/تدريس الإنجليزية للأجانب
797,علم المكتبات والمعلومات
798,تقنيات التعليم
799,سائق شاحنة/حافلة/مدرب ومشغل مركبات تجارية
800,التخطيط والخدمات المالية
801,مساعد مكتبات وأرشيف
802,إدارة الأعمال والإدارة العامة
803,علم الأحياء، عام
804,علم النفس، عام
805,الهندسة الميكانيكية
806,المحاسبة
807,التواصل الشفهي والخطابة
808,الآداب/الدراسات الأدبية، عام
809,العلوم السياسية والحوكمة، عام
810,علوم الحاسوب وتقنية المعلومات، عام
811,اللغة والأدب الإنجليزي، عام
812,علم الاقتصاد، عام
813,علم الاجتماع
814,إدارة الرياضة واللياقة البدنية
815,التعليم والتدريب الابتدائي
816,رياضيات، عامة
817,تاريخ، عام
818,التدريب وتدريس التربية الرياضية
819,اللغة والأدب الإسباني
820,الإنجيل/الدراسات الإنجيلية
821,علوم الحيوانات، عامة
822,الكيمياء، عامة
823,دراسات الأسرة والتنمية البشرية، عام
824,علوم البيئة
825,اليهودية/الدراسات اليهودية
826,نمو الطفل
827,التصميم الداخلي
828,الكيمياء الحيوية
829,علم الإنسان
830,علوم الأرض، عامة
831,الفيوياء، عامة
832,الموارد الطبيعية/الحفاظ على البيئة، عامة
833,الجغرافيا
834,علم الأحياء الدقيقة، عام
835,تعليم المدرسين الزراعيين
836,علوم الطقس والأرصاد الجوية، عام
837,علم الفلك
838,تمريض قانوني/ممرض قانوني
839,العدالة الجنائية/دراسات السلامة
840,العلوم الاجتماعية، عام
841,التعليم والتدريس في مرحلة الطفولة المبكرة
842,علوم السكرتاريا والمساعدة الإدارية، عام
843,العلوم الطبيعية
844,فني علم الأحياء/فني مختبرات الأحياء
845,الإدارة العامة
846,الهندسة، عام
847,علم الإدارة
848,تخطيط المدن/المناطق الحضرية، والتخطيط المجتمعي والإقليمي
849,الصحة البيئية
850,تقنيات الماكينات/ميكانيكي
851,وظائف المكتب العام وخدمات الكتابة
852,علم المعلومات الجغرافية ورسم الخرائط
853,معالجة البيانات وتقنيات معالجة البيانات/فني
854,عمليات الإنشاءات/المعدات الثقيلة/معدات جرف التربة
855,السكك الحديدية والنقل بالسكك الحديدية
856,تفتيش المباني/المنازل/الإنشاءات/مفتش
857,مساعد إداري للشؤون القانونية/سكرتير
858,التمويل، عام
859,إدارة وعلوم الحياة الفطرية، والأسماك والبرارير
860,تقنيات وعلوم الطب الشرعي
861,الهندسة البيئية/هندسة الصحة البيئية
862,عمليات المبيعات والتوزيع والتسويق، عام
863,التأمين
864,العمارة البحرية والهندسة البحرية
865,تجهيز المنتجات الزراعية والغذائية
866,العدالة الجنائية/العلوم الشرطية
867,مساعد قانوني/مساعد محامي
868,تقنيات هندسة الكهرباء، والإلكترونيات، والاتصالات/فني
869,علوم الإطفاء/إطفاء الحرائق
870,السلامة المهنية والتقنيات الصحية/فني
871,الإصلاحيات والعدالة الجنائية، غير ذلك
872,تقنية هندسة التدفئة والتهوية وتكييف الهواء والتبريد/فني
873,تقنيات هندسة الإنشاءات/فني
874,التنظيم المجتمعي والدعوة والمناصرة
875,العلوم والتقنيات/فنيون، غير ذلك
876,إدارة خدمات الإطفاء
877,تقنيات المسح/المسح
878,تقنيات الحراجة/فني
879,إدارة الرعاية الصحية/الصحة
880,الطب
881,ممرض طب الأسرة/تمريض
882,مرشد تربوي/خدمات الإرشاد والتوجيه المدرسي
883,العلاج الطبيعي/معالج
884,العلاج المهني/معالج
885,مستشار في الصحة النفسية/مستشار
886,طب الأسنان
887,علم الأوبئة
888,المعالجة اليدوية
889,الطب الشرقي والوخز بالإبر
890,الأمن الوطني
891,طب الأقدام/علاج الأقدام
892,ممرضة قابلة/القبالة
893,الطب الصيني التقليدي والأعشاب الصينية
894,الاستشارات الوراثية/مستشار
895,ممرض مساعد/معاون ومساعد/معاون رعاية المرضى
896,فني/تقنيات المحاسبة ومسك الدفاتر
897,أخصائي/مساعد مكتب طبي
898,فني فصد/فصّاد
899,معاون تطبيب
900,معاون للصحة المنزلية/مرافق في المنزل
901,تقنية المعالجة المعقمة/فني
902,فني غسيل الكلى
903,معاون إعادة التأهيل
904,تقويم الأسنان/طب تقويم الأسنان
905,تقنية التصوير بالرنين المغناطيسي/فني
906,جراحة الفم والوجه والفكين
907,مساعد طبي/سريري
908,تدريب ممرض ممارس/مهني مرخص
909,مساعدة طبيب أسنان/مساعد
910,فني عيون/تقني
911,علم الحركة وعلم التمرين
912,علم السمع/أخصائي سمع وعلم أمراض النطق واللغة/أخصائي علم أمراض
913,علم التغذية/أخصائي تغذية
914,إدارة الموارد البشرية/إدارة شؤون الموظفين، عام
915,الهندسة الحيوية والهندسة الطبية الحيوية
916,علم المختبرات السريرية/التقنية الطبية/تقني
917,استشاري إعادة التأهيل المهني/استشاري
918,الترويج العلاجي/العلاج الترويحي
919,التقنيات الطبية النووية/تقني
920,علوم/تقنيات الإشعاع - أخصائي أشعة
921,علاج الرعاية التنفسية/معالج
922,صحة الأسنان/أخصائي صحة
923,تقنيات السجلات الطبية/المعلومات الصحي/فني
924,فني علاج طبيعي/مساعد
925,العلوم/التقنيات الطبية الإشعاعية - معالج بالأشعة
926,مساعد معالج مهني
927,التشخيص الطبي بالموجات فوق الصوتية/فني تصوير بالموجات فوق الصوتية
928,فني مختبرات طبية/سريرية
929,تقنيات الجراحة/تقني
930,فني خدمات الصحة النفسية/الطب النفسي
931,استشارات الإدمان/تعاطي المخدرات
932,تقنيات القلب والأوعية الدموية/تقني
933,مساعد/معاون مدرس
934,تقنيات مختبرات الأسنان/فني
935,عامل خدمات التطوير
936,لاهوت/كهنوت
937,تربية وتعليم الكبار والتعليم المستمر
938,مقدم رعاية للأطفال/مساعد
939,العلاج بالتدليك/التدليك العلاجي
940,تقنيات الصيانة والميكانيكا الصناعية
941,تقنيات الآلات المتجرية/مساعد
942,تركيب وإصلاح المعدات الكهربائية/الإلكترونية، عام
943,موظف استقبال
944,إنفاذ قانون الموارد الطبيعية والخدمات الوقائية
945,تصميم وتصنيع الأثاث
946,التجميل/أخصائي تجميل، عام
947,حلاقة/حلاق
948,تقنيات ميكانيكا الديزل/فني
949,تقنيات إصلاح هياكل السيارات/التآكل/فني
950,تنجيد/منجد
951,الصحة العامة، عام
952,الأداء الموسيقي، عام
953,العلاقات العامة/إدارة صورة المؤسسة
954,تاريخ الفن والنقد والحفظ
955,خدمات الجنائز والعلوم الجنائزية، عام
956,التقنيات الطبية الحيوية/فني
957,إدارة صالونات التجميل/مدير
958,صيدلة
959,قياس مدى الإبصار
960,تقنيات ميكانيكا السيارات/فني
961,الإشراف وإدارة المكاتب
962,تقنيات تصليح وتركيب الحواسيب/فني
963,فنون المجوهرات والمعادن
964,مهارات البيع والمبيعات
965,تقنيات تصليح وتركيب الأجهزة/فني
966,تقنيات تصليح وتركيب أنظمة الاتصالات
967,تصنيع وإصلاح الآلات الموسيقية
968,تزيين الكلاب/الحيوانات/الحيوانات الآليفة
969,تقنيات مختبرات العيون/فني
970,قطع اللحوم/قاطع اللحم
971,تصليح الجلود والأحذية
972,تقنيات تصليح وصيانة الدراجات النارية/فني
973,فني صيدلة/مساعد
974,الصيانة البحرية/مركّب آلات وتقنيات تصليح السفن/فني
975,صناعة الساعات والمجوهرات
976,الإشراف وإدارة العمليات
977,بيع التجزئة وعمليات البيع بالتجزئة
978,الخدمات المصرفية وخدمات الدعم المالي
979,الاتصالات الرسومية، غير ذلك
980,إدارة مواقع الإنشاءات/البناء/مدير
981,بصريات/فني بصريات
982,البيع بالجملة وبالتجزئة للوازم الزراعية
983,أخصائي أدوات سمع
984,عرض الأزياء
985,عامل سجاد وأرضيات وبلاط
986,الطب البيطري
987,هندسة العمارة
988,التصميم الغرافيكي
989,تقنيات الطب البيطري/طب الحيوانات/فني ومساعد طبيب بيطري
990,علم المواد
991,تقنيات اللحام/لحام
992,تقنيات التصميم/فني، عام
993,تقنيات الإلكترونيات الصناعية/فني
994,تقنيات آلات التحكم الرقمي باستخدام الحاسوب/ميكانيكي التحكم الرقمي باستخدام الحاسوب
995,تقنيات الآلات والقوالب/فني
996,صناعة الأثاث
997,عمليات إدارة المخزون والمستودعات وقطع الغيار
998,تقنيات هندسة الطيران/فني
999,تقنيات الصفائح المعدنية/أعمال الصفائح
1000,ميكانيكي محركات
1001,الهندسة الكيميائية
1002,هندسة الحاسوب، عام
1003,الهندسة الصناعية
1004,هندسة المواد
1005,مشغِّل معدات الغرافيك والطباعة، الإنتاج العام
1006,التقنيات الصناعية/فني
1007,تقنيات الأجهزة/فني
1008,الهندسة الطبية/الهندسة الميكانيكية/فني
1009,تقنيات صيانة الطائرات وميكانيكا هياكل الطائرات/فني
1010,التقنيات الكيميائية/فني
1011,صناعة الملابس والنسيج
1012,الحدادة/حداد
1013,النجارة/نجار
1014,تقنيات السباكة/سباك
1015,بنّاء/أعمال البناء
1016,تقنيات الطاقة الشمسية/فني
1017,تركيب الألواح الجصية/فني تركيب الألواح
1018,تجميع الأبنية المعدنية/فني تجميع
1019,فني عزل
1020,تقنيات صيانة التدفئة وتكييف الهواء والتهوية والتبريد/فني
1021,الطلاء/دهّان وفني تثبيت ورق جدران
1022,تجهيز خرسانة/مجهّز خرسانة
1023,هندسة مدنية، عام
1024,تقنيات صيانة المعدات الثقيلة/فني
1025,صناعة المراجل/صانع مراجل
1026,مستخدَم للرعاية الطبية (إسعاف فني طب الطوارئ)
1027,علوم البحار/ضابط بحرية تجارية
1028,مضيف طيران
1029,الخدمات الأمنية ومنع الخسائر
1030,طاقم الرحلات الجوية وطيار مهني/تجاري/خطوط جوية
1031,تقنيات صيانة إلكترونيات الطائرات/فني
1032,التسويق/إدارة التسويق، عام
1033,الإحصاءات، عام
1034,علم الحاسوب
1035,تقنيات/أتمتة المكاتب/الأعمال/إدخال البيانات
1036,دعم خدمة العملاء/مركز الاتصال/عمليات الخدمة عن بعد
1037,صيانة الممتلكات/الأبنية
1038,غواص، محترف ومدرب
1039,النسخ الطبي، ناسخ
1040,تقنيات إصلاح وميكانيكا المحركات الصغيرة/فني
1041,كاتب التعرفة والجمارك والنقل/فني
1042,إدارة المواد الخطرة وتقنيات إدارة النفايات/فني
1043,تدوين المحاكم/مدوّن محكمة
1044,تقنيات ضبط الجودة/فني
1045,إصلاح الأقفال والخزنات
1046,هندسة المناظر الطبيعية
1047,إدارة خدمات السياحة والسفر
1048,تخطيط الاجتماعات والفعاليات
1049,البستنة التطبيقية/عمليات البستنة، عام
1050,البستنة/مناظر طبيعية
1051,تقنيات الهندسة البيئية/التقنيات البيئية
1052,تقنيات إعادة التدوير وإدارة جودة المياه ومعالجة المياه/فني
1053,عامل خطوط الكهرباء
1054,الهندسة الكهربائية وهندسة الإلكترونيات
1055,الهندسة النووية
1056,تقنيات الطاقة النووية/فني
1057,علم الزراعة والمحاصيل
1058,تجارة الأزياء
1059,تصميم الأزياء/الملابس
1060,التصميم والاتصالات البصرية، عام
1061,المعدات والميكانيكا الزراعية/تقنيات الآلات
1062,تشغيل آلات الطاقة الزراعية
1063,العقارات
1064,تقنيات فنون التسجيل/فني
1065,أخصائي دعم الحاسوب
1066,الصحافة
1067,الفنون المسرحية/الدراما، عام
1068,التصوير السينمائي وإنتاج الأفلام/إنتاج مقاطع الفيديو
1069,الكتابة العلمية والمهنية والفنية والتجارية
1070,تقنيات البث الإذاعي والتلفزيوني/فني
1071,الاتصالات الرسومية، عام
1072,تجيهز الطباعة/النشر المكتبي وتصميم الصور الرقمية
1073,إعداد الطعام/الطهو المهني/مساعد مطبخ
1074,السقاية/ساقي
1075,إدارة خدمات الضيافة، عام
1076,فنون الطهو/تدريب الطهاة
1077,فنون الخبز وصنع المعجنات/خباز/صانع معجنات
1078,إدارة الكازينوهات
1079,تقنيات التعدين/فني
1080,حفر الآبار/حفّار
1081,هندسة البترول
1082,الهندسة الجيولوجية/الجيوفيزيائية
1083,تقنيات البترول/فني
1084,التفجير/فني تفجير
1085,تقنيات الغذاء ومعالجة الأغذية
1086,الهندسة الزراعية
1087,دراسات الفروسية/الخيول
1088,علم الغذاء
1089,إدارة العقود، والشراء، والمشتريات/الاستحواذ
1090,التربية الصحية والبدنية/اللياقة البدنية، عام
1091,مدرب رياضي/مدرب
1092,الرقص، عام
1093,باحثون سنغافوريون يبتكرون تقنية جديدة تتعرض للحروق أو الجروح أو العضات أو اللدغات الطفيفة اليوم.
1094,خوارزمية جديدة من المعهد السنغافوري للتقنيات قادرة على التعرض للحروق أو الجروح أو العضات أو اللدغات الطفيف، مثل الإنسان.
1095,بعد أن وصلت الضوضاء إلى مستويات مشتتة وغير مريحة، باحثون من مدغشقر يبتكرون تقنية جديدة في عالم الأصوات.
1096,عرض معهد مدغشقر للتقنيات نظامًا منافسًا للإنسان في عالم الأصوات، بعد أن أصبحت مستويات الضوضاء مشتتة وغير مريحة.
1097,مهندسون أوكرانيون يشكفون عن خوارزمية قادرة على تحمل الملوثات.
1098,عرض معهد أوكرانيا للتقنيات نظامًا منافسًا للأشخاص المعرضين للملوثات.
1099,باحثون من الدومنيكان يكشفون عن خوارزمية قادرة على قضاء الوقت في ثني الجسم وتحركيه.
1100,خوارزمية جديدة من معهد الدومنيكان للتقنيات قادرة على قضاء الوقت في ثني الجسم وتحريكه مثل البشر.
1101,مهندسون من جزيرة كوكوس يبتكرون تقنية توفر إضاءة ساطعة جدًا أو خافتة بما يكفي، تمامًا مثل الإنسان.
1102,كشف معهد جزيرة كوكوس للتقنيات عن خوارزمية قادرة على توفير إضاءة ساطعة جدًا أو خافتة.
1103,باحثون من باسوتو يتوصلون إلى تقنية تؤدي حركات متكررة مثل الإنسان.
1104,ابتكر باحثون متخصصون في الروبوتات في معهد باسوتو للتقنيات تقنية جديدة تقضي الوقت في أداء حركات متكررة.
1105,باحثون بريطانيون يكشفون عن خوارزمية قادرة على تحمل درجات حرارة شديدة الحرارة أو البرودة.
1106,عرض المعهد البريطاني للتقنيات نظامًا منافسًا للإنسان يعمل في درجات حرارة شديدة البرودة والحرارة.
1107,مهندسون من سيشيل يبتكرون تقنية جديدة يستفيد منها المعرضون للمعدات الخطيرة.
1108,خوارزمية جديدة من معهد سيشيل للتقنيات للعمل مع المعدات الخطيرة، مثل الإنسان.
1109,علماء من ترنيداد يكشفون عن خوارزمية قادرة على قضاء الوقت في المشي والجري.
1110,ابتكر باحثون متخصصون في الروبوتات في معهد ترنيداد للتقنيات تقنية جديدة تقضي الوقت في المشي والجري.
1111,باحثون من تونغا يبتكرون تقنية جديدة تعمل في المركبات أو المعدات المفتوحة اليوم.
1112,كشف معهد تونغا للتقنيات عن خوارزمية قادرة على العمل في المركبات أو المعدات المفتوحة.
1113,مهندسون يونانيون يكشفون عن خوارزمية قادرة على قضاء الوقت في صعود الأدراج أو السقالات أو الأعمدة.
1114,كشف المعهد اليوناني للتقنيات عن خوارزمية قادرة على قضاء الوقت في صعود الأدراج أو السقالات أو الأعمدة.
1115,باحثون من جزر القمر يبتكرون تقنية جديدة في التدريب على رأس العمل.
1116,عرض باحثون من معهد جزر القمر للتقنيات نظامًا منافسًا للإنسان في مجال التدريب على رأس العمل.
1117,علماء من جنوب إفريقيا يكشفون عن خوارزمية قادرة على التدريب في الميدان.
1118,عرض معهد جنوب إفريقيا للتقنيات نظامًا منافسًا للإنسان للتدريب في الميدان أو داخل المصانع والمحطات.
1119,باحثون من جزر المارشال يكشفون عن خوارزمية قادرة على تكرار المهام نفسها
1120,كشف باحثون في معهد جزر المارشال للتقنيات عن خوارزمية قادرة على تكرار المهام نفسها
1121,باحثون فنلنديون يتوصلون إلى خوارزمية تقضي الوقت في النزول على الركبتين والانحناء والتمايل والزحف كالإنسان.
1122,خوارزمية جديدة من المعهد الفنلندي للتقنيات قادرة على قضاء الوقت في ثني الجسم وتحريكه مثل البشر.
1123,علماء صينيون يكشفون عن خوارزمية قادرة على قضاء الوقت في المحافظة على التوازن واستعادته.
1124,عرض المعهد الصيني للتقنيات نظامًا منافسًا للإنسان في قضاء الوقت في المحافظة على التوازن واستعادته.
1125,علماء من الفاتيكان يبتكرون تقنية جديدة في البراعة اليدوية اليوم.
1126,عرض معهد الفاتيكان للتقنيات نظامًا منافسًا للإنسان في البراعة اليدوية.
1127,باحثون من جزر الباهاما يتوصلون إلى خوارزمية تعين على الوقوف مثل الإنسان.
1128,عرض معهد جزر الباهاما نظامًا منافسًا للإنسان في قدرته على قضاء الوقت واقفًا.
1129,علماء أيسلنديون يكشفون عن خوارزمية قادرة على التعرض الظروف الخطيرة.
1130,ابتكر باحثون متخصصون في الروبوتات في المعهد الأيسلندي للتقنيات تقنية جديدة قادرة على التعرض للظروف الخطيرة اليوم.
1131,باحثون من السيشيل يتوصلون إلى خوارزمية ماهرة في تحريك الأصابع كالإنسان.
1132,ابتكر باحثون متخصصون في الروبوتات في معهد السيشيل للتقنيات تقنية جديدة تتميز بالبراعة في تحريك الأصابع اليوم.
1133,باحثون في Burkinab√©يصلون إلى خوارزمية للعمل داخل المباني في ظروف غير مضبوطة بيئيًا، مثل الإنسان.
1134,خوارزمية جديدة من معهد Burkinab√© للتقنيات تعمل داخل المباني في ظروف غير مضبوطة بيئيًا، كالإنسان.
1135,علماء أمريكيون يبتكرون تقنية جديدة اليوم في الدقة في التحكم.
1136,عرض المعهد الأمريكية للتقنيات اليوم نظامًا منافسًا للإنسان في دقته في التحكم.
1137,مهندسون نيجيريون يتوصلون إلى خوارزمية تتعرض للاهتزازات كالإنسان.
1138,خوارزمية جديدة من المعهد النيجيري للتقنيات تعمل في ظروف تتعرض فيها لاهتزازات في كامل الجسم، كالإنسان.
1139,علماء برازيليون يبتكرون تقنية جديدة اليوم للتواجد في أماكن مرتفعة.
1140,كشف المعهد البرازيلي للتقنيات عن خوارزمية قادرة على التواجد في أماكن مرتفعة.
1141,باحثون سوازيون يكشفون عن خوارزمية قادرة على مناولة الأغراض وتحريكها.
1142,خوارزمية جديدة من المعهد السوازي للتقنيات لمناولة الأغراض وتحريكها، كالإنسان.
1143,مهندسون يونانيون يبتكرون تقنية جديدة تتميز بسرعة حركة الرسغ والأصابع.
1144,عرض المعهد اليوناني للتقنيات نظامًا منافسًا للإنسان في سرعة تحريكه للرسغ والأصابع.
1145,علماء جزيرة كريسماس يتوصلون إلى خوارزمية للتعامل مع نتيجة الخطأ، كالإنسان.
1146,عرض معهد جزيرة كريسماس للتقنيات نظامًا جديدًا منافسًا للإنسان في تعامله مع نتائج الأخطاء.
1147,علماء مصريون يشكفون عن خوارزمية قادرة على تثبيت الذراع واليد.
1148,خوارزمية جديدة من المعهد المصري للتقنيات قادرة على تثبيت حركة الذراع واليد، كالإنسان.
1149,علماء من المالديف يبتكرون تقنية جديدة في التحكم بالآلات ومراقبة العمليات اليوم.
1150,ابتكر باحثون متخصصون في الروبوتات في معهد المالديف للتقنيات تقنية جديدة للتحكم بالآلات ومراقبة العمليات.
1151,علماء من بروناي يبتكرون تقنية جديدة للتعامل مع ضغط الوقت.
1152,عرض معهد بروناي للتقنيات اليوم نظامًا منافسًا للإنسان في قدرته على التعامل مع ضيق الوقت، كالإنسان.
1153,علماء إثيوبيون يبتكرون تقنية جديدة خاصة بجداول العمل.
1154,كشف المعهد الإثيوبي للتقنيات عن خوارزمية قادرة على جدولة العمل.
1155,باحثون إثيوبيون يكشفون عن خوارزمية قادرة على تحمل مسؤولية صحة الآخرين وسلامتهم.
1156,خوارزمية جديدة من المعهد الإثيوبي للتقنيات تتولى مسؤولية صحة الآخرين وسلامتهم، كالإنسان.
1157,علماء برتغاليون يبتكرون تقنية جديدة اليوم تعتني بالدقة.
1158,ابتكر باحثون متخصصون في الروبوتات في المعهد البرتغالي للتقنيات تقنية جديدة تتصل بأهمية تحقيق الدقة اليوم.
1159,علماء سلوفاكيون يكشفون عن خوارزمية قادرة على تكرار اتخاذ القرارات. 
1160,خوارزمية جديدة من المعهد السلوفاكي للتقنيات قادرة على تكرار اتخاذ القرارات، كالإنسان.
1161,مهندسون نييوييون يتوصلون إلى خوارزمية قادرة على تحريك الأطراف بسرعة كالإنسان.
1162,كشف المعهد النييويي للتقنيات عن خوارزمية قادرة على تحريك الأطراف بسرعة كالإنسان.
1163,علماء من أنتيغوا يتوصلون إلى خوارزمية توافق بين الأطراف المختلفة، كالإنسان.
1164,ابتكر باحثون متخصصون في الروبوتات في معهد أنتيغوا للتقنيات تقنية جديدة تتميز بقدرتها على التوفيق بين الأطراف المختلفة.
1165,مهندسون طاجاكيون يبتكرون تقنية جديدة اليوم تتميز بالمرونة العالية.
1166,خوارزمية جديدة من المعهد الطاجاكي للتقنيات تتميز بالمرونة العالية، كالإنسان.
1167,باحثون في جزيرة سليمان يبتكرون تقنية جديدة تتميز بالثبات وبقوتها الساكنة.
1168,خوارزمية جديدة من معهد جزيرة سليمان للتقنيات تتميز بالثبات وبقوتها الساكنة، كالإنسان.
1169,مهندسون من جبل طارق يبتكرون تقنية جديدة اليوم في التشغيل والتحكم اليوم..
1170,عرض معهد جبل طارق للتقنيات نظامًا منافسًا للإنسان في التشغيل والتحكم.
1171,مهندسون ألمانيون يبتكرون تقنية جديدة اليوم للتعامل مع الغاضبين.
1172,ابتكر باحثون متخصصون في الروبوتات في المعهد الألماني للتقنيات تقنية جديدة للتعامل مع الغاضبين اليوم.
1173,ابتكر باحثون من جزيرة سانت هيلينا تقنية جديدة في النقاشات الشخصية اليوم.
1174,عرض معهد جزيرة سانت هيلينا للتقنيات نظامًا منافسًا للإنسان في إجراء نقاشات وحوارات شخصية.
1175,باحثون من جزر العذراء الأمريكية يكشفون عن خوارزمية قادرة على التواصل مع الآخرين.
1176,ابتكر باحثون متخصصون في الروبوتات في معهد جزر العذراء الأمريكية للتقنيات اليوم تقنية جديدة تتميز بقدرتها على التواصل مع الآخرين.
1177,باحثون من بليز يكشفون عن خوارزمية قادرة على الانتباه سمعيًا.
1178,ابتكر باحثون متخصصون في الروبوتات في معهد بيليز للتقنيات اليوم تقنية جديدة تتميز بقدرتها على الانتباه السمعي.
1179,علماء من جزيرة بوفيه يبتكرون تقنية جديدة في القرب المادي اليوم.
1180,خوارزمية جديدة من معهد جزيرة بوفيه للتقنيات في القرب المادي، كالإنسان.
1181,مهندسون سلوفينيون يبتكرون نظامًا لإصلاح وصيانة المعدات الميكانيكية، كالإنسان.
1182,عرض المعهد السلوفيني للتقنيات نظامًا منافسًا للإنسان قادرًا على إصلاح وصيانة المعدات الميكانيكية.
1183,علماء من أنتركتيكا يبتكرون تقنية جديدة اليوم للعمل في الهواء الطلق في ظل ظروف الطقس.
1184,خوارزمية جديدة من معهد الأنتركتيكا للتقنيات للعمل في الهواء الطلق في ظروف الطقس المتاحة، كالإنسان.
1185,مهندسون نرويجيون يكشفون عن خوارزمية قادرة على تحمل مسؤولية النتائج والمخرجات.
1186,ابتكر باحثون متخصصون في الروبوتات في المعهد النرويجي للتقنيات اليوم تقنية جديدة تتحمل مسؤولية المخرجات والنتائج.
1187,مهندسون كمبوديون يتوصلون إلى خوارزمية قادرة على إظهار قوتها الديناميكية، كالإنسان.
1188,خوارزمية جديدة من المعهد الكمبودي للتقنيات تظهر قوتها الديناميكية، كالإنسان.
1189,مهندسون بريطانيون يتوصلون إلى تقنية لتفتيش المعدات أو الهياكل أو المواد، كالإنسان.
1190,ابتكر باحثون متخصصون في الروبوتات في المعهد البريطاني للتقنيات اليوم تقنية جديدة لتفتيش المعدات أو الهياكل أو المواد.
1191,علماء سنغافوريون يتوصلون إلى خوارزمية لصيانة المعدات، كالإنسان.
1192,كشف المعهد السنغافوري للتقنيات عن خوارزمية قادرة على صيانة المعدات.
1193,باحثون من السيشيل يتوصلون إلى خوارزمية للعمل مع المجموعات والأفرقة، كالإنسان.
1194,عرض معهد السيشيل للتقنيات نظامًا منافسًا للإنسان في عمله في المجموعات والأفرقة.
1195,مهندسون غينيون يتوصلون إلى خوارزمية قادرة على التحمل، كالإنسان.
1196,ابتكر باحثون متخصصون في الروبوتات في المعهد الغيني للتقنيات اليوم تقنية جديدة تتميز بقدرتها على التحمل وتتميز بالجلَد.
1197,باحثون في S√£o Tom√©an يكشفون عن خوارزمية قادرة على إجراء عمليات الإصلاح.
1198,كشف باحثون في معهد S√£o Tom√©an للتقنيات عن خوارزمية جديدة قادرة على القيام بعمليات الإصلاح.
1199,علماء أميريون يبتكرون اليوم تقنية جديدة ذات صلة بمهارات الاهتمام الانتقائي.
1200,ابتكر باحثون متخصصون في الروبوتات في المعهد الأميري للتقنيات تقنية جديدة تتمتع بمهارات الاهتمام الانتقائي.
1201,مهندسون تايوانيون يبتكرون تقنية جديدة اليوم تتميز بتناسق كتلة الجسم.
1202,عرض المعهد التايواني للتقنيات نظامًا منافسًا للإنسان في تناسق كتلة الجسم.
1203,مهندسون بحرينيون يتوصلون إلى خوارزمية تتميز بحساسية السمع، كالإنسان.
1204,كشف المعهد البحريني للتقنيات عن خوارزمية تتميز بحساسية السمع.
1205,مهندسون من كوستاريكا يكشفون عن خوارزمية تتميز بالحساسية ضد الوهج.
1206,كشف المعهد الكوستاريكي للتقنيات عن خوارزمية تتميز بالحساسية ضد الوهج.
1207,مهندسون من جزر ماريانا الشمالية يكشفون عن خوارزمية قادرة على تشغيل المركبات أو الأجهزة والمعدات الميكانيكية.
1208,كشف معهد جزر ماريانا الشمالية للتقنيات عن خوارزمية قادرة على تشغيل المركبات أو الأجهزة والمعدات الميكانيكية.
1209,مهندسون من إفريقيا الوسطى يبتكرون اليوم تقنية جديدة في تمييز مكان الصوت.
1210,ابتكر باحثون متخصصون في الروبوتات في معهد إفريقيا الوسطى للتقنيات اليوم تقنية جديدة تتميز بقدرتها على تمييز مكان الصوت.
1211,باحثون من موناكو يبتكرون اليوم تقنية جديدة للتعرض للأشعة.
1212,ابتكر باحثون متخصصون في الروبوتات في معهد موناكو للتقنيات اليوم تقنية جديدة قادرة على التعرض للأشعة.
1213,علماء أستراليون يتوصلون إلى خوارزمية لإدراك العمق كالإنسان.
1214,عرض المعهد الأسترالي للتقنيات نظامًا منافسًا للإنسان في قدرته على إدراك العمق.
1215,مهندسون من جنوب السودان يبتكرون اليوم تقنية جديدة في الرؤية عن قرب.
1216,خوارزمية جديدة من معهد جنوب السودان للتقنيات تتميز بقدرتها على الرؤية عن قرب، كالإنسان.
1217,باحثون تايلنديون يبتكرون اليوم تقنية جديدة تتميز بالسرعة الإدراكية.
1218,ابتكر باحثون متخصصون في الروبوتات في المعهد التايلندي للتقنيات اليوم تقنية جديدة تتميز بالسرعة الإدراكية.
1219,علماء من سانت بيير يتوصلون إلى خوارزمية تتميز بالرؤية المحيطية، كالإنسان.
1220,ابتكر باحثون متخصصون في الروبوتات في معهد سانت بيير للتقنيات اليوم تقنية جديدة تتميز بالرؤية المحيطية.
1221,باحثون نمساويون يبتكرون تقنية جديدة في الميكانيكا اليوم.
1222,خوارزمية جديدة من المعهد النمساوي للتقنيات تتميز بقدرات ميكانيكية كالإنسان.
1223,مهندسون من جزر بيتكيرن يتوصلون إلى خوارزمية لتمكين الإنتاج والمعالجة، كالإنسان.
1224,كشف معهد جزر بيتكيرن للتقنيات عن خوارزمية قادرة على الإنتاج والمعالجة كالإنسان.
1225,مهندسون أذريون يشكفون عن خوارزمية قادرة على تحقيق توازن كتلة الجسم.
1226,خوارزمية جديدة من المعهد الأذري للتقنيات تتميز بالقدرة على تحقيق توازن كتلة الجسم.
1227,مهندسون كنديون يشكفون عن خوارزمية قادرة على المنافسة بمستويات محددة.
1228,عرض المعهد الكندي للتقنيات نظامًا ينافس الإنسان في القدرة على المنافسة عند مستوى محدد.
1229,باحثون من أنتركاتيكا يكشفون عن خوارزمية قادرة على الرؤية ليلاً.
1230,كشف معهد الأنتركتيكا للتقنيات عن خوارزمية تتميز بالقدرة على الرؤية ليلاً.
1231,مهندسون من الغابون يكشفون عن خوارزمية قادرة على العمل مدة العمل الأسبوعية المعتادة، كالإنسان.
1232,كشف معهد الغابون للتقنيات عن خوارزمية قادرة على العمل مدة أسبوع العمل المعتاد.
1233,باحثون صوماليون يتوصلون إلى خوارزمية قادرة على التوجيه المكاني، كالإنسان.
1234,خوارزمية جديدة من المعهد الصومالي للتقنيات تتميز بالقدرة على التوجيه المكاني، كالإنسان.
1235,مهندسون من جزر العذراء البريطانية يبتكرون اليوم تقنية جديدة في تحليل ضمان الجودة.
1236,خوارزمية جديدة من معهد جزر العذراء البريطانية للتقنيات تتمكن من تنفيذ تحليل ضمان الجودة، كالإنسان.
1237,مهندسون من جزيرة مونتسرات يكشفون عن خوارزمية قادرة على التنسيق بين الآخرين أو قيادتهم.
1238,عرض معهد جزيرة مونتسرات للتقنيات نظامًا منافسًا للإنسان في التنسيق بين الآخرين أو قيادتهم.
1239,علماء سوازيون يبتكرون تقنية جديدة للتعامل مع العنيفين.
1240,عرض المعهد السوازي للتقنيات نظامًا منافسًا للإنسان في التعامل مع العنيفين.
1241,كشف باحثون بورميون عن خوارزمية قادرة على تمييز الألوان بصريًا.
1242,كشف معهد بورما للتقنيات عن خوارزمية قادرة على تمييز الألوان بصريًا.
1243,مهندسون فنلنديون يبتكرون خوارزمية قادرة على إصلاح وصيانة المعدات الإلكترونية، مثل الإنسان.
1244,خوارزمية جديدة من المعهد الفنلندي للتقنيات لإصلاح وصيانة المعدات الإلكترونية، كالإنسان.
1245,علماء بوسنيون يبتكرون خوارزمية قادرة على التعامل مع العملاء.
1246,عرض المعهد البوسني للتقنيات نظامًا منافسًا للإنسان في تعامله مع العملاء.
1247,باحثون يمنيون يبتكرون اليوم تقنية جديدة تتميز بالرؤية عن بعد.
1248,عرض المعهد اليمني للتقنيات نظامًا منافسًا للإنسان في قدرته على الرؤية عن بعد.
1249,مهندسون غينيون يتوصلون إلى خوارزمية قادرة على الحديث على الهاتف، كالإنسان.
1250,خوارزمية جديدة في المعهد الغيني للتقنيات قادرة على الحديث على الهاتف، كالإنسان.
1251,علماء من مالطا يتوصلون إلى خوارزمية تتميز بالمرونة، كالإنسان.
1252,خوارزمية جديدة من المعهد المالطي للتقنيات تظهر المرونة الحركية، كالإنسان.
1253,علماء بريطانيون يبتكرون اليوم تقنية جديدة ذات صلة بالبناء والإنشاء.
1254,عرض المعهد البريطاني للتقنيات نظامًا منافسًا للإنسان في البناء والإنشاء.
1255,علماء جزيرة كريسماس يتوصلون إلى خوارزمية لإجراء عمليات النقل، كالإنسان.
1256,عرض معهد جزيرة كريسماس للتقنيات نظامًا منافسًا للإنسان في النقل.
1257,كشف علماء من بورتوريكو عن خوارزمية قادرة على قضاء الوقت في الجلوس.
1258,خوارزمية جديدة من معهد بورتوريكو للتقنيات قادرة على قضاء الوقت في الجلوس، كالإنسان.
1259,مهندسون سنغافوريون يكشفون عن خوارزمية قادرة على رصد العمليات والمواد والظروف المحيطة.
1260,عرض المعهد السنغافوري للتقنيات نظامًا ينافس الإنسان في رصد العمليات والمواد والظروف المحيطة.
1261,مهندسون من جورجيا يتوصلون إلى خوارزمية لإنتاج الأغذية، كالإنسان.
1262,عرض المعهد الجورجي للتقنيات نظامًا منافسًا للإنسان في قدرته على إنتاج الأغذية.
1263,مهندسون من هندوراس يقدمون خدمات الأمن والسلامة العامة، كالإنسان.
1264,كشف معهد هندوراس للتقنيات عن خوارزمية قادرة على حفظ السلامة والأمن العامين.
1265,علماء من جزيرة بوفيه يتوصلون إلى خوارزمية جديدة لتقاسم الوقت، كالإنسان.
1266,خوارزمية جديدة من معهد جزيرة بوفيه للتقنيات لتقاسم الوقت، كالإنسان.
1267,باحثون إكوادوريون يكشفون عن خوارزمية قادرة على التعرض للأمراض أو العدوى.
1268,عرض معهد الإكوادور للتقنيات نظامًا منافسًا للأشخاص المعرضين للأمراض والعدوى.
1269,مهندسون روسيون يتوصلون إلى خوارزمية قادرة على التصور، كالإنسان.
1270,عرض المعهد الروسي للتقنيات نظامًا منافسًا للإنسان في قدرته على التصور.
1271,علماء من ساحل العاج يتوصلون إلى خوارزمية قادرة على كتابة الرسائل والملاحظات كالإنسان.
1272,خوارزمية جديدة من معهد ساحل العاج للتقنيات قادرة على كتابة الرسائل وتدوين الملاحظات، كالإنسان.
1273,مهندسون من ناميبيا يبتكرون تقنية جديدة اليوم تتميز بقدرتها على الوصول إلى أقصى قوة في أقل وقت.
1274,كشف المعهد الناميبي للتقنيات عن خوارزمية قادرة على الوصول إلى أقصى قوة في أقل وقت.
1275,باحثون من لاوس يكشفون عن خوارزمية قادرة على إعداد المسودات والتخطيط وتحديد مواصفات الأجهزة الفنية والقطع والمعدات.
1276,تقنية جديدة من معهد لاوس للتقنيات عن قادرة على إعداد المسودات والتخطيط وتحديد مواصفات الأجهزة الفنية والقطع والمعدات، كالإنسان.
1277,القدرات الإدراكية
1278,القدرات الحركية النفسية
1279,القدرات البدنية
1280,القدرات الحسية
1281,المحتوى
1282,العمليات
1283,المهارات الاجتماعية
1284,مهارات حل المشكلات الصعبة
1285,المهارات الفنية
1286,مهارات النظم
1287,مهارات إدارة الموارد
1288,الإدارة
1289,الإنتاج والتصنيع
1290,الهندسة والتقنيات
1291,الرياضيات والعلوم
1292,الخدمات الصحية
1293,الآداب والإنسانيات
1294,القانون والسلامة العامة
1295,الاتصالات
1296,المعلومات
1297,العمليات الذهنية
1298,مخرجات العمل
1299,التعامل مع الآخرين
1300,العلاقات الشخصية
1301,ظروف العمل المادية
1302,الاستيعاب الشفهي
1303,الاستيعاب الكتابي
1304,التعبير الشفهي
1305,التعبير الكتابي
1306,تدفق الأفكار
1307,الأصالة
1308,التأثر بالمشكلات
1309,الاستنباط
1310,الاستقراء
1311,ترتيب المعلومات
1312,مرونة التصنيف
1313,الاستدلال الرياضي
1314,الذكاء الحسابي
1315,الحفظ
1316,سرعة التوصل إلى الاستنتاجات
1317,مرونة التوصل إلى الاستنتاجات
1318,السرعة الإدراكية
1319,التوجه المكاني
1320,التصور
1321,الاهتمام الانتقائي
1322,تقاسم الوقت
1323,ثبات الذراع واليد
1324,البراعة اليدوية
1325,ليونة الأصابع
1326,الدقة في التحكم
1327,التوافق بين الأطراف المختلفة
1328,الاستجابة التوجيهية
1329,السيطرة على معدل النبض
1330,فترة الاستجابة
1331,سرعة الرسغ والأصابع
1332,سرعة تحريك الأطراف
1333,القوة الساكنة والثبات
1334,الوصول إلى أقصى قوة في أقل وقت
1335,القوة الديناميكية
1336,قوة الجذع
1337,الجلَد والتحمل
1338,المرونة العالية
1339,المرونة الديناميكية
1340,تناسق كتلة الجسم
1341,توازن كتلة الجسم
1342,الرؤية عن قرب
1343,الرؤية عن بعد
1344,التمييز بين الألوان
1345,الرؤية الليلية
1346,الرؤية المحيطية
1347,إدراك العمق
1348,الحساسية ضد الوهج
1349,حساسية السمع
1350,الانتباه السمعي
1351,تمييز مكان الصوت
1352,تمييز الكلام
1353,وضوح الكلام
1354,المستوى التعليمي المطلوب
1355,الخبرة العملية ذات الصلة
1356,التدريب الميداني أو في المصانع
1357,التدريب على رأس العمل
1358,واقعي
1359,استقصائي
1360,فني
1361,اجتماعي
1362,مغامر
1363,تقليدي
1364,الاهتمام الأول نقطة عالية
1365,الاهتمام الثاني نقطة عالية
1366,الاهتمام الثالث نقطة عالية
1367,الإدارة
1368,الكتابة
1369,الاقتصاد والمحاسبة
1370,المبيعات والتسويق
1371,العملاء والخدمات الشخصية
1372,الموارد البشرية والموظفون
1373,الإنتاج والمعالجة
1374,إنتاج الأغذية
1375,الحواسيب والإلكترونيات
1376,التصميم
1377,البناء والإنشاءات
1378,الميكانيكا
1379,الرياضيات
1380,الفيزياء
1381,الكيمياء
1382,الأحياء
1383,علم النفس
1384,علم الاجتماع وعلم الإنسان
1385,الطب وطب الأسنان
1386,الاستشارة والعلاج
1387,التعليم والتدريب
1388,اللغة الإنجليزية
1389,لغة أجنبية
1390,الفنون الجميلة
1391,التاريخ والآثار
1392,الفلسفة والإلهيات
1393,الأمن والسلامة العامة
1394,القانون والحوكمة
1395,الاتصالات السلكية واللاسلكية
1396,التواصل والإعلام
1397,النقل
1398,القراءة والفهم
1399,الإصغاء
1400,الكتابة
1401,المحادثة
1402,العلوم
1403,التفكير النقدي
1404,التعلم النشط
1405,استراتيجيات التعلم
1406,المراقبة والرصد
1407,الفطنة الاجتماعية
1408,التنسيق
1409,الإقناع
1410,التفاوض
1411,إصدار التعليمات
1412,التوجه نحو الخدمة
1413,حل المشكلات الصعبة
1414,تحليل العمليات
1415,التصميم الفني
1416,اختيار المعدات
1417,التركيب
1418,البرمجة
1419,رصد العمليات
1420,الرقابة والتشغيل
1421,صيانة المعدات
1422,استكشاف الأخطاء وإصلاحها
1423,الإصلاح
1424,تحليل ضمان الجودة
1425,الحكم واتخاذ القرارات
1426,تحليل النظم
1427,تقييم النظم
1428,إدارة الوقت
1429,إدارة الموارد المالية
1430,إدارة الموارد من المواد
1431,إدارة الموارد البشرية
1432,الحصول على المعلومات
1433,رصد العمليات والمواد والظروف المحيطة
1434,تحديد الأهداف والإجراءات والفعاليات
1435,فحص المعدات والهيكلية والمواد
1436,تقدير السمات الكمية للمنتجات أو الفعاليات أو المعلومات
1437,الحكم على جودة الأشياء أو الخدمات أو طبيعة الأفراد
1438,معالجة المعلومات
1439,الامتثال للمعايير
1440,تحليل البيانات والمعلومات
1441,اتخاذ القرارات وحل المشكلات
1442,التفكير المبتكّر
1443,تحديث المعارف ذات الصلة والاستفادة منها
1444,وضع الأهداف والاستراتيجيات
1445,جدولة الأعمال والأنشطة
1446,تنظيم العمل والتخطيط وترتيب الأولويات
1447,أداء الأنشطة المادية العامة
1448,مناولة الأغراض وتحريكها
1449,التحكم بالآلات ومراقبة العمليات
1450,تشغيل المركبات والمعدات
1451,استخدام الحواسيب
1452,استخدام الأجهزة التقنية
1453,إصلاح وصيانة المعدات الميكانيكية
1454,إصلاح وصيانة المعدات الإلكترونية
1455,توثيق المعلومات وتسجيلها
1456,تفسير المقصود من المعلومات للآخرين
1457,التواصل مع المشرفين والنظراء والمرؤوسين
1458,التواصل مع الأفراد من خارج المؤسسة
1459,تأسيس العلاقات الشخصية والحفاظ عليها
1460,مساعدة الآخرين والاهتمام بهم
1461,القبول لدى الآخرين والتأثير فيهم
1462,حل النزاعات والتفاوض مع الآخرين
1463,العمل لأجل العامة والعمل معهم مباشرة
1464,تنسيق أعمال وأنشطة الآخرين
1465,تشكيل الأفرقة وتطويرها
1466,تدريب وتدريس الآخرين
1467,توجيه المرؤوسين وإرشادهم وتشجيعهم
1468,تدريب وتطوير الآخرين
1469,تقديم المشورة للآخرين
1470,اتخاذ الإجراءات الإدارية
1471,تعيين الموظفين في الوحدات التنظيمية
1472,رصد الموارد والرقابة عليها
1473,الخطابة
1474,الهاتف
1475,البريد الإلكتروني
1476,كتابة الرسائل وتدوين الملاحظات
1477,النقاشات الشخصية
1478,التواصل مع الآخرين
1479,العمل ضمن فريق
1480,التعامل مع العملاء
1481,قيادة الآخرين والتنسيق بينهم
1482,تحمل المسؤولية عن صحة وسلامة الآخرين
1483,تحمل مسؤولية المخرجات
1484,تكرار النزاعات
1485,التعامل مع الغاضبين
1486,التعامل مع العنيفين
1487,داخل المباني، المنضبطة بيئيًا
1488,تحمل البيئات غير المستقرة داخل المباني
1489,تحمل الطقس الخارجي
1490,في الهواء الطلق، المناطق المظللة
1491,تشغيل المركبات والمعدات المفتوحة
1492,في المركبات والمعدات المغلقة
1493,القرب المادي
1494,تحمل الأصوات المزعجة
1495,تحمل درجات الحرارة العالية جدًا والمتدنية جدًا
1496,تحمل الإضاءة الساطعة والخافتة
1497,مقاومة الملوثات
1498,مساحات العمل الضيقة، الوضعيات الغريبة
1499,تحمل اهتزازات الجسم بأكلمه
1500,تحمل الإشعاعات
1501,مقاومة المرض والعدوى
1502,عدم الخوف من الأماكن المرتفعة
1503,القدرة على التعامل مع الظروف المخاطر
1504,القدرة على استخدام المعدات الخطيرة
1505,تحمل الإصابات الطفيفية
1506,قضاء الوقت جالسًا
1507,الوقوف
1508,صعود الأدراج والسقالات والأعمدة
1509,المشي والجري
1510,النزول على الركبتين، والانحناء، والزحف
1511,الحفاظ على التوازن واستعادته
1512,قضاء الوقت في استخدام اليدين لمناولة الأغراض أو التحكم بالأدوات أو الشعور بها
1513,الانحناء والالتواء
1514,تكرار الحركات
1515,ارتداء معدات الحماية أو السلامة العامة، مثل: أحذية السلامة، أو النظارات، أو القفازات، أو واقي الأذنين، أو الخوذات الصلبة، أو سترات النجاة
1516,ارتداء معدات الحماية أو السلامة المتخصصة، مثل جهاز التنفس، أو حمالات الأمان، أو بدلات الحماية الكاملة، أو الحماية من الإشعاع
1517,التعامل مع نتيجة الخطأ
1518,أثر القرارات على الزملاء أو مخرجات الشركة
1519,التعامل مع القرارات الكثيرة
1520,حرية اتخاذ القرارات
1521,درجة الأتمتة
1522,الدقة
1523,تكرار المهام ذاتها
1524,العمل المنظم مقابل العمل غير المنظم
1525,القدرة على المنافسة
1526,التعامل مع ضيق الوقت
1527,ضبط إيقاع العمل بحسب سرعة المعدات
1528,التعامل مع جداول ومواعيد العمل
1529,مدة أسبوع العمل المعتادة
