key,en,es,es corrections,fr,fr corrections,zh corrections,ar,ar corrections,de,de corrections
next,Next,prÃ³ximo,PrÃ³ximo,Prochain,Suivant,ä¸‹ä¸€ä¸ª,Ø§Ù„ØªØ§Ù„Ù‰,Ø§Ù„ØªØ§Ù„Ù‰,NÃ¤chster,NÃ¤chste
skip_tutorial,Skip Tutorial,Saltar tutorial,Saltar tutorial,Passer le tutoriel,Passer le tutoriel,è·³è¿‡æ•™ç¨‹,ØªØ®Ø·ÙŠ Ø§Ù„Ø¨Ø±Ù†Ø§Ù…Ø¬ Ø§Ù„ØªØ¹Ù„ÙŠÙ…ÙŠ,ØªØ®Ø·ÙŠ Ø§Ù„Ø¯Ù„ÙŠÙ„ Ø§Ù„ØªÙˆØ¬ÙŠÙ‡ÙŠ,Lernprogramm Ã¼berspringen,Einweisung Ã¼berspringen
tutorial_welcome,Welcome to The Automated Life. This is your current job. You can <b>hover</b> over it for more details.,Bienvenido a La Vida automatizado. Este es su trabajo actual. Usted puede <b> vuelo estacionario </b> sobre ella para obtener mÃ¡s detalles.,Bienvenido a La Vida Automatizada. Este es su trabajo actual. Usted puede <b> vuelo estacionario </b> sobre ella para obtener mÃ¡s detalles.,Bienvenue Ã  la vie automatisÃ©. Ceci est votre emploi actuel. Vous pouvez <b> vol stationnaire </b> au-dessus pour plus de dÃ©tails.,Bienvenue dans The Automated Life. Ceci est votre emploi actuel. Vous pouvez <b>le survoler avec votre souris</b> pour accÃ©der Ã  plus d'informations. ,æ¬¢è¿åˆ°è‡ªâ€œåŠ¨åŒ–çš„ç”Ÿæ´»â€ã€‚è¿™æ˜¯ä½ ç›®å‰çš„å·¥ä½œã€‚ä½ å¯ä»¥<b>æ‚¬åœåœ¨æ­¤</b>æŸ¥çœ‹æ›´å¤šç»†èŠ‚ã€‚,Ù…Ø±Ø­Ø¨Ø§ Ø¨ÙƒÙ… ÙÙŠ Ø§Ù„Ø­ÙŠØ§Ø© Ø§Ù„Ø¢Ù„ÙŠ. Ù‡Ø°Ø§ Ù‡Ùˆ ÙˆØ¸ÙŠÙØªÙƒ Ø§Ù„Ø­Ø§Ù„ÙŠØ©. ÙŠÙ…ÙƒÙ†Ùƒ <Ø¨> ØªØ­ÙˆÙ… </b> Ø£ÙƒØ«Ø± Ù…Ù† Ø°Ù„Ùƒ Ù„Ù…Ø²ÙŠØ¯ Ù…Ù† Ø§Ù„ØªÙØ§ØµÙŠÙ„.,Ù…Ø±Ø­Ø¨Ø§ Ø¨ÙƒÙ… ÙÙŠ Ø§Ù„Ø­ÙŠØ§Ø© Ø§Ù„Ù…Ø¤ØªÙ…ØªØ©. Ù‡Ø°Ù‡ Ù‡ÙŠ ÙˆØ¸ÙŠÙØªÙƒ Ø§Ù„Ø­Ø§Ù„ÙŠØ©. ÙŠÙ…ÙƒÙ†Ùƒ <B> ØªÙ…Ø±ÙŠØ± Ø§Ù„Ù…Ø¤Ø´Ø± </b> ÙÙˆÙ‚Ù‡Ø§ Ù„Ù…Ø²ÙŠØ¯ Ù…Ù† Ø§Ù„ØªÙØ§ØµÙŠÙ„.,Willkommen in dem automatisierten Leben. Dies ist Ihre aktuelle Arbeit. Sie kÃ¶nnen <b> Hover </b> Ã¼ber sie fÃ¼r weitere Details.,"Willkommen in dem ""Automatisierten Leben"". Dies ist Ihre aktuelle Aufgabe (task). Sie kÃ¶nnen <b>mit der Maus darÃ¼ber fahren</b>, um mehr Details zu erhalten."
tutorial_work,"To avoid being fired you need to do your job. <b>Click on ""Work"" tasks</b> according to the color pattern on the left.","Para evitar ser despedido lo que necesita para hacer su trabajo. <B> Haga clic en tareas de ""trabajo"" </b> de acuerdo con el patrÃ³n de color de la izquierda.","Para evitar ser despedido lo que necesita hacer es su trabajo. <B> Haga clic en tareas de ""trabajo"" </b> de acuerdo con el patrÃ³n de color de la izquierda.",Pour Ã©viter d'Ãªtre tirÃ© que vous devez faire votre travail. <B> Cliquez sur les tÃ¢ches Â« de travail Â» </b> selon le modÃ¨le de couleur sur la gauche.,"Pour Ã©viter d'Ãªtre licenciÃ©, vous devez faire votre travail. <b>Cliquez sur les tÃ¢ches ""Travail""</b> selon le modÃ¨le de couleur sur la gauche. ",ä¸ºäº†é¿å…è¢«è§£é›‡ï¼Œä½ éœ€è¦åšä½ çš„å·¥ä½œã€‚ æ ¹æ®å·¦è¾¹çš„é¢œè‰²æ¨¡å¼<b>ç‚¹å‡»â€œå·¥ä½œâ€ä»»åŠ¡</b>ã€‚,"Ù„ØªØ¬Ù†Ø¨ Ø£Ø·Ù„Ù‚ ÙƒØ§Ø¦Ù† Ù…Ø§ Ø¹Ù„ÙŠÙƒ Ø§Ù„Ù‚ÙŠØ§Ù… Ø¨Ù‡ ÙˆØ¸ÙŠÙØªÙƒ. <Ø¨> Ø§Ù†Ù‚Ø± Ø¹Ù„Ù‰ Ù…Ù‡Ø§Ù… ""Ø§Ù„Ø¹Ù…Ù„"" </b> ÙˆÙÙ‚Ø§ Ù„Ù„Ù†Ù…Ø· Ø§Ù„Ù„ÙˆÙ† Ø¹Ù„Ù‰ Ø§Ù„ÙŠØ³Ø§Ø±.","Ù„ØªØ¬Ù†Ø¨ Ø§Ù„ÙØµÙ„ Ù…Ù† Ø§Ù„Ø¹Ù…Ù„ØŒ ÙŠØ¬Ø¨ Ø¹Ù„ÙŠÙƒ Ø§Ù„Ù‚ÙŠØ§Ù… Ø¨ÙˆØ¸ÙŠÙØªÙƒ . <B> Ø§Ù†Ù‚Ø± Ø¹Ù„Ù‰ Ù…Ù‡Ø§Ù… ""Ø§Ù„Ø¹Ù…Ù„"" </b> ÙˆÙÙ‚Ø§ Ù„Ù„Ù†Ù…Ø· Ø§Ù„Ù„ÙˆÙ† Ø¹Ù„Ù‰ Ø§Ù„ÙŠØ³Ø§Ø±.","Um zu vermeiden, gefeuert Sie Ihren Job tun mÃ¼ssen. <B> Klicken Sie auf â€Arbeitâ€œ Aufgaben </b> nach dem Farbmuster auf der linken Seite.","Um zu vermeiden gefeuert zu werden, mÃ¼ssen Sie Ihre Aufgabe erledigen. <b>Klicken Sie auf ""Arbeit"" Aufgaben</b> entsprechend der Farbmuster auf der linken Seite."
tutorial_performance,Maintaining good <b>performance</b> also helps with applying to new jobs.,Mantener una buena <b> rendimiento </b> tambiÃ©n ayuda con la aplicaciÃ³n de nuevos puestos de trabajo.,Mantener un buen <b> rendimiento </b> tambiÃ©n ayuda para aplicar a nuevos puestos de trabajo.,Maintenir une bonne <b> performances </b> contribue Ã©galement Ã  l'application de nouveaux emplois.,Maintenir une bonne <b>performance de travail</b> aide Ã©galement pour les candidatures Ã  de nouveaux emplois. ,ä¿æŒè‰¯å¥½çš„<b>è¡¨ç°</b>ä¹Ÿæœ‰åŠ©äºç”³è¯·æ–°çš„å°±ä¸šæœºä¼šã€‚,Ø§Ù„Ø­ÙØ§Ø¸ Ø¹Ù„Ù‰ Ø­Ø³Ù† <Ø¨> Ø§Ù„Ø£Ø¯Ø§Ø¡ </ Ø¨> ÙŠØ³Ø§Ø¹Ø¯ Ø£ÙŠØ¶Ø§ Ù…Ø¹ Ø§Ù„ØªÙ‚Ø¯ÙŠÙ… Ø¹Ù„Ù‰ Ø§Ù„ÙˆØ¸Ø§Ø¦Ù Ø§Ù„Ø¬Ø¯ÙŠØ¯Ø©.,Ø¥Ø³ØªÙ…Ø±Ø§Ø±ÙŠØ©  <B> Ø§Ù„Ø£Ø¯Ø§Ø¡ </b>  Ø§Ù„Ù…Ù…ØªØ§Ø² ØªØ³Ø§Ù‡Ù… Ø£ÙŠØ¶Ø§ ÙÙŠ Ø§Ù„ØªÙ‚Ø¯ÙŠÙ… Ø¹Ù„Ù‰ ÙˆØ¸Ø§Ø¦Ù Ø¬Ø¯ÙŠØ¯Ø©,Das Beibehalten der guten <b> Leistung </b> hilft auch neue ArbeitsplÃ¤tze mit der Anwendung.,Das Aufrechterhalten einer guten <b>Leistung</b> hilft auch bei der Bewerbung auf neue Jobs.
tutorial_jobs,Your current job is connected to other jobs that you can <b>apply</b> to. Jobs you can apply to are connected by a <b>green line</b>.,Su trabajo actual estÃ¡ conectado a otros puestos de trabajo que se puede <b> solicite </b> a. Puestos de trabajo que se pueden aplicar a conectado por un <b> lÃ­nea verde </b>.,"Su trabajo actual estÃ¡ conectado a otros puestos de trabajo que ser  <b> solicitar </b> a. Para saber que puestos de trabajo se pueden aplicar, estos estan conectado por una <b> lÃ­nea verde </b>.",Votre emploi actuel est connectÃ© Ã  d'autres emplois que vous pouvez <b> appliquer </b>. Offres d'emploi vous pouvez appliquer Ã  reliÃ©s par un <b> ligne verte </b>.,Votre emploi actuel est connectÃ© Ã  d'autres emplois auxquels vous pouvez <b>candidater</b>. Les emplois auxquels vous pouvez candidater sont connectÃ©s par une <b>ligne verte</b>. ,ä½ ç›®å‰çš„å·¥ä½œå·²ç»è¢«è¿æ¥åˆ°ä½ å¯ä»¥<b>ç”³è¯·</b>çš„å…¶å®ƒå·¥ä½œã€‚ä½ å¯ä»¥ç”³è¯·çš„å·¥ä½œç”¨ <b>ç»¿çº¿</b>ç›¸è¿æ¥ã€‚,ÙŠØªÙ… ØªÙˆØµÙŠÙ„ ÙˆØ¸ÙŠÙØªÙƒ Ø§Ù„Ø­Ø§Ù„ÙŠØ© Ø¥Ù„Ù‰ ÙˆØ¸Ø§Ø¦Ù Ø£Ø®Ø±Ù‰ Ø£Ù†Ù‡ ÙŠÙ…ÙƒÙ†Ùƒ <Ø¨> ØªØ·Ø¨ÙŠÙ‚ </b> Ù„. Ø§Ù„ÙˆØ¸Ø§Ø¦Ù Ø§Ù„ØªÙŠ ÙŠÙ…ÙƒÙ† Ø£Ù† ØªÙ†Ø·Ø¨Ù‚ Ø¹Ù„Ù‰ Ù…ØªØµÙ„Ø© Ø¨ÙˆØ§Ø³Ø·Ø© <Ø¨> Ø§Ù„Ø®Ø· Ø§Ù„Ø£Ø®Ø¶Ø± </b>.,ÙˆØ¸ÙŠÙØªÙƒ Ø§Ù„Ø­Ø§Ù„ÙŠØ© Ù…ØªØµÙ„Ø© Ù…Ø¹ ÙˆØ¸Ø§Ø¦Ù Ø£Ø®Ø±Ù‰ Ø¨Ø­ÙŠØ« ÙŠÙ…ÙƒÙ†Ùƒ <b> Ø§Ù„ØªÙ‚Ø¯ÙŠÙ… Ø¹Ù„ÙŠÙ‡Ø§ </b>.  ÙŠÙ…ÙƒÙ†Ùƒ Ø£Ù† ØªÙ‚Ø¯Ù… Ø¹Ù„Ù‰ Ø§Ù„ÙˆØ¸Ø§Ø¦Ù Ø§Ù„Ù…ØªØµÙ„Ø© Ø¨ÙˆØ§Ø³Ø·Ø© <b> Ø§Ù„Ø®Ø· Ø§Ù„Ø£Ø®Ø¶Ø± </b>.,"Ihre aktuelle Arbeit an anderen Stellen verbunden, dass Sie <b> anwenden </b>. Jobs kÃ¶nnen Sie verbunden mit einer <b> grÃ¼nen Linie </b> gelten.","Ihr aktueller Job steht in Verbindung mit anderen Stellen, auf die Sie <b>sich bewerben kÃ¶nnen</b>. Jobs, auf die Sie sich bewerben kÃ¶nnen, sind mit einer <b>grÃ¼nen Linie</b> verbunden"
tutorial_apply,<b>Click</b> on a job to apply to it. The job you are currently applying to will be <b>highlighted in yellow</b>.,<B> Haga clic en </b> en un trabajo que se aplican a la misma. El trabajo que estÃ¡ solicitando actualmente que serÃ¡ <b> resaltado en amarillo </b>.,<b> Haga clic en </b>Para aplicar en un trabajo haga clic en el mismo. El trabajo que estÃ© solicitando actualmente serÃ¡ <b> resaltado en amarillo </b>.,<B> Cliquez </b> sur un emploi Ã  lui appliquer. Le poste que vous postulez actuellement sera <b> en jaune </b>.,<b>Cliquez</b> sur l'emploi auquel vous voulez candidater. L'emploi auquel vous candidatez sera <b>affichÃ© en jaune</b>.,<b>ç‚¹å‡»</b>å·¥ä½œæ¥ç”³è¯·å®ƒã€‚ç›®å‰ä½ ç”³è¯·çš„å·¥ä½œå°†ä¼š<b>ä»¥é»„è‰²çªå‡ºæ˜¾ç¤º</b>ã€‚,<Ø¨> Ø§Ù†Ù‚Ø± Ø¹Ù„Ù‰ </b> Ø¹Ù„Ù‰ ÙˆØ¸ÙŠÙØ© Ù„ØªØ·Ø¨ÙŠÙ‚ Ø°Ù„Ùƒ. ÙØ¥Ù† Ø§Ù„ÙˆØ¸ÙŠÙØ© Ø§Ù„ØªÙŠ ØªØªÙ‚Ø¯Ù… Ø­Ø§Ù„ÙŠØ§ Ù„ØªÙƒÙˆÙ† <Ø¨> Ø¨Ø§Ù„Ù„ÙˆÙ† Ø§Ù„Ø£ØµÙØ± </b>.,<Ø¨> Ø§Ù†Ù‚Ø± </b> Ø¹Ù„Ù‰ ÙˆØ¸ÙŠÙØ© Ù„Ù„ØªÙ‚Ø¯ÙŠÙ… Ø¹Ù„ÙŠÙ‡Ø§. Ø§Ù„ÙˆØ¸ÙŠÙØ© Ø§Ù„ØªÙŠ ØªØªÙ‚Ø¯Ù… Ø¹Ù„ÙŠÙ‡Ø§ Ø­Ø§Ù„ÙŠØ§ Ø³ØªÙƒÙˆÙ† <Ø¨> Ø¨Ø§Ù„Ù„ÙˆÙ† Ø§Ù„Ø£ØµÙØ± </b>.,"<B> Klicken Sie auf </b> auf einen Job, um es anzuwenden. Die Arbeit, die Sie derzeit anwenden wird <b> gelb markiert </b>.","<b>Klicken Sie auf</b> einen Job, um sich darauf zu bewerben. Der Job, auf den Sie sich aktuell bewerben, erscheint in <b>gelb markiert</b>."
tutorial_skills,Jobs have different <b>skill and education requirements</b> that influence your chance of being hired. You can <b>hover over the job</b> to see these requirements.,Puestos de trabajo tienen diferentes <b> de habilidad y educaciÃ³n requisitos </b> que la influencia de su probabilidad de ser contratado. Usted puede <b> Pase el ratÃ³n sobre el trabajo </b> para ver estos requisitos.,Existen diferente puestos de trabajo <b> de habilidad y educaciÃ³n requisitos </b> para saber la probabilidad de ser contratado. Usted puede <b> Pase el ratÃ³n sobre el trabajo </b> para conocer estos requisitos.,Des emplois ont diffÃ©rents <b> compÃ©tences et les exigences de l'Ã©ducation </b> qui influencent vos chances d'Ãªtre embauchÃ©. Vous pouvez <b> survolez le travail </b> pour voir ces exigences.,Les emplois ont des exigences diffÃ©rentes <b> en matiÃ¨re de compÃ©tences et d'Ã©ducation</b> qui influencent vos chances d'Ãªtre embauchÃ©. Vous pouvez <b> survoler le poste</b> pour voir ces exigences.,ä¸åŒå·¥ä½œæœ‰ä¸åŒçš„<b>æŠ€èƒ½å’Œæ•™è‚²ç¨‹åº¦çš„è¦æ±‚</b>ï¼Œå…¶å°†ä¼šå½±å“ä½ è¢«é›‡ç”¨çš„æœºä¼šã€‚ä½ å¯ä»¥<b>å°†é¼ æ ‡æ‚¬åœåœ¨ä»»åŠ¡</b>ä¸ŠæŸ¥çœ‹è¿™äº›è¦æ±‚ã€‚,ÙˆØ¸Ø§Ø¦Ù Ù„Ù‡Ø§ Ù…ØªØ·Ù„Ø¨Ø§Øª Ù…Ø®ØªÙ„ÙØ© <Ø¨> Ø§Ù„Ù…Ù‡Ø§Ø±Ø© ÙˆØ§Ù„ØªØ¹Ù„ÙŠÙ… </b> Ø£Ù† ØªØ£Ø«ÙŠØ± ÙØ±ØµØªÙƒ ÙÙŠ Ø§Ù„ØªÙˆØ¸ÙŠÙ. ÙŠÙ…ÙƒÙ†Ùƒ <Ø¨> ØªØ­ÙˆÙ… ÙÙˆÙ‚ Ø§Ù„Ù…Ù‡Ù…Ø© </b> Ù„Ø±Ø¤ÙŠØ© Ù‡Ø°Ù‡ Ø§Ù„Ù…ØªØ·Ù„Ø¨Ø§Øª.,Ø§Ù„ÙˆØ¸Ø§Ø¦Ù Ù„Ù‡Ø§ Ù…ØªØ·Ù„Ø¨Ø§Øª Ù…Ø®ØªÙ„ÙØ© Ù…Ù† Ù†Ø§Ø­ÙŠØ© <B> Ø§Ù„Ù…Ù‡Ø§Ø±Ø© ÙˆØ§Ù„ØªØ¹Ù„ÙŠÙ… </b> Ø§Ù„ØªÙŠ ØªØ¤Ø«Ø±Ø¹Ù„Ù‰ ÙØ±ØµØªÙƒ ÙÙŠ Ø§Ù„ØªÙˆØ¸ÙŠÙ. ÙŠÙ…ÙƒÙ†Ùƒ <b> ØªÙ…Ø±ÙŠØ± Ø§Ù„Ù…Ø¤Ø´Ø± </b> ÙÙˆÙ‚Ù‡Ø§ Ù„Ø±Ø¤ÙŠØ© Ù‡Ø°Ù‡ Ø§Ù„Ù…ØªØ·Ù„Ø¨Ø§Øª.,"Jobs haben unterschiedliche <b> KÃ¶nnen und Bildung Anforderungen </b>, die Einfluss auf Ihre Chancen, eingestellt zu werden. Sie kÃ¶nnen <b> schweben Ã¼ber den Job </b> um diese Anforderungen zu sehen.","Jobs haben unterschiedliche <b>Anforderungen hinsichtlich Kompetenzen und Erfahrungen</b>, die Ihre Chance auf eine Anstellung beeinflussen. Sie kÃ¶nnen <b>mit der Maus Ã¼ber den Job fahren</b>, um diese Anforderungen einzusehen."
tutorial_automation,"Over time skills will become <b>automated</b>, lowering wages. Try to be strategic about what jobs you apply to and try to <b>escape automation</b>.","Con el tiempo se convertirÃ¡n en habilidades <b> automatizado </b>, salarios descenso. Trate de ser estratÃ©gico sobre quÃ© puestos de trabajo que se aplican a y tratar de <b> escapar de automatizaciÃ³n </b>.","Con el tiempo las habilidades se convertirÃ¡n en  <b> automatizado </b>, salarios promedio. Trate de ser estratÃ©gico sobre quÃ© puestos de trabajo se aplican y tratar de <b> escapar de automatizaciÃ³n </b>.","Au fil du temps les compÃ©tences deviendront <b> automatique </b>, la baisse des salaires. Essayez d'Ãªtre stratÃ©giques sur les emplois que vous appliquez Ã  et essayer de <b> Ã©chapper Ã  l'automatisation </b>.","Avec le temps, les compÃ©tences deviendront <b>automatisÃ©es</b>, ce qui fera baisser les salaires. Essayez d'Ãªtre stratÃ©gique quant aux emplois auxquels vous postulez et essayez <b> d'Ã©chapper Ã  l'automatisation </b>.",éšç€æ—¶é—´çš„æ¨ç§»æŠ€èƒ½å°†è¢«<b>è‡ªåŠ¨åŒ–</b>ï¼Œå·¥èµ„å› æ­¤ä¼šé™ä½ã€‚é‡‡å–ä¸€äº›ç­–ç•¥æ¥å†³å®šç”³è¯·å“ªäº›å·¥ä½œï¼Œå¹¶å°è¯•<b>æ‘†è„±è‡ªåŠ¨åŒ–</b>ã€‚,Ù…Ø¹ Ù…Ø±ÙˆØ± Ø§Ù„ÙˆÙ‚Øª Ø³ÙˆÙ ØªØµØ¨Ø­ Ø§Ù„Ù…Ù‡Ø§Ø±Ø§Øª <Ø¨> Ø§Ù„Ø¢Ù„ÙŠ </b> ÙˆØ§Ù„Ø£Ø¬ÙˆØ± ÙˆØªØ®ÙÙŠØ¶. Ø­Ø§ÙˆÙ„ Ø£Ù† ØªÙƒÙˆÙ† Ø§Ù„Ø§Ø³ØªØ±Ø§ØªÙŠØ¬ÙŠØ© Ø­ÙˆÙ„ Ù…Ø§ Ø§Ù„ÙˆØ¸Ø§Ø¦Ù Ø§Ù„ØªÙŠ ØªÙ†Ø·Ø¨Ù‚ Ø¹Ù„Ù‰ ÙˆÙ…Ø­Ø§ÙˆÙ„Ø© <Ø¨> Ø§Ù„Ù‡Ø±ÙˆØ¨ Ø§Ù„Ø¢Ù„ÙŠ </b>.,Ù…Ø¹ Ù…Ø±ÙˆØ± Ø§Ù„ÙˆÙ‚Øª Ø³ÙˆÙ ØªØµØ¨Ø­ Ø§Ù„Ù…Ù‡Ø§Ø±Ø§Øª <B> Ù…Ø¤ØªÙ…ØªØ© </b> ÙˆØ³ÙŠØ¤Ø¯ÙŠ Ø°Ù„Ùƒ Ø§Ù„Ù‰ Ø§Ù†Ø®ÙØ§Ø¶ ÙÙŠ Ø§Ù„Ø§Ø¬ÙˆØ±. Ø­Ø§ÙˆÙ„ Ø£Ù† ØªÙƒÙˆÙ† Ø§Ø³ØªØ±Ø§ØªÙŠØ¬ÙŠ Ø­ÙˆÙ„ Ø§Ù„ÙˆØ¸Ø§Ø¦Ù Ø§Ù„ØªÙŠ ØªÙ‚Ø¯Ù… Ø¹Ù„ÙŠÙ‡Ø§ ÙÙŠ Ù…Ø­Ø§ÙˆÙ„Ø© <B> Ø§Ù„Ù‡Ø±ÙˆØ¨ Ù…Ù† Ø§Ù„Ø£ØªÙ…ØªØ© </b>.,"Im Laufe der Zeit werden FÃ¤higkeiten werden <b> automatische </b>, Senkung der LÃ¶hne. Versuchen Sie, strategische, was Jobs, die Sie beziehen sich auf und versuchen, <b> entkommen Automation </b>.","Im Laufe der Zeit werden Aufgaben <b>mehr und mehr automatisiert</b>, was zu Lohnsenkungen fÃ¼hrt. Planen Sie strategisch, auf welche Jobs Sie sich bewerben und versuchen Sie, von einer <b>Automatisierung</b> nicht betroffen zu sein."
tutorial_risk,You can view a job's <b>risk of automation</b> by <b>hovering</b> over it. Jobs that are <b>over 50% automated</b> will be marked with ğŸ¤–.,Se puede ver un trabajo's <b> riesgo de automatizaciÃ³n </b> <b> cierne </b> sobre ella. Los trabajos que se <b> automatizado mÃ¡s del 50% </b> serÃ¡n marcados con ğŸ¤–.,Se puede ver cuando un trabajo esta en 's <b> riesgo de automatizaciÃ³n </b> <b> cierne </b> sobre ella. Los trabajos que muestren <b> automatizado por encima del 50% </b> serÃ¡n marcados con ğŸ¤–.,Vous pouvez voir un emploi's <b> risque d'automatisation </b> par <b> vol stationnaire </b> dessus. Les emplois qui sont <b> plus de 50% automatisÃ©e </b> seront marquÃ©s par ğŸ¤–.,Vous pouvez visualiser le <b> risque d'automatisation </b> d'une profession en la survolant. Les emplois qui sont <b>automatisÃ©s Ã  plus de 50 %</b> seront signalÃ©s par ğŸ¤–.,ä½ å¯ä»¥å°†é¼ æ ‡<b>æ‚¬åœ</b>åœ¨å·¥ä½œä¸Šæ¥æŸ¥çœ‹å…¶<b>è¢«è‡ªåŠ¨åŒ–é£é™©</b>ã€‚è¢«<b> è‡ªåŠ¨åŒ–50ï¼…ä»¥ä¸Š</b>çš„å·¥ä½œå°†æ ‡æœ‰ğŸ¤–ã€‚,ÙŠÙ…ÙƒÙ†Ùƒ Ø¹Ø±Ø¶ ÙˆØ¸ÙŠÙØ© \ 'Ù‚ <Ø¨> Ù…Ø®Ø§Ø·Ø± Ø§Ù„ØªØ´ØºÙŠÙ„ Ø§Ù„Ø¢Ù„ÙŠ </b> Ù…Ù† Ø®Ù„Ø§Ù„ <Ø¨> ØªØ­ÙˆÙ… </b> Ø£ÙƒØ«Ø± Ù…Ù† Ø°Ù„Ùƒ. Ø§Ù„ÙˆØ¸Ø§Ø¦Ù Ø§Ù„ØªÙŠ Ù‡ÙŠ <Ø¨> Ø£ÙƒØ«Ø± Ù…Ù† 50Ùª Ø§Ù„Ø¢Ù„ÙŠ Ø³ÙŠØªÙ… ÙˆØ¶Ø¹ Ø¹Ù„Ø§Ù…Ø© </b> Ù…Ø¹ ğŸ¤–.,ÙŠÙ…ÙƒÙ†Ùƒ Ø¹Ø±Ø¶ <b> Ù…Ø®Ø§Ø·Ø± Ø§Ù„Ø£ØªÙ…ØªØ© </b> Ù„ÙˆØ¸ÙŠÙØ© Ù…Ø¹ÙŠÙ†Ø© Ù…Ù† Ø®Ù„Ø§Ù„ <Ø¨> ØªÙ…Ø±ÙŠØ± Ø§Ù„Ù…Ø¤Ø´Ø± </b> ÙÙˆÙ‚Ù‡Ø§. Ø§Ù„ÙˆØ¸Ø§Ø¦Ù Ø§Ù„ØªÙŠ ØªÙƒÙˆÙ† Ù†Ø³Ø¨Ø© Ø§Ù„Ø£ØªÙ…ØªØ© ÙÙŠÙ‡Ø§ <Ø¨> Ø£ÙƒØ«Ø± Ù…Ù† 50Ùª  </b> Ø³ÙŠØªÙ… ØªØ±Ù…ÙŠØ²Ù‡Ø§ Ù…Ø¹ Ø§Ù„Ø±Ù…Ø² ğŸ¤–.,"Sie kÃ¶nnen einen Job's <b> Risiko der Automatisierung anzuzeigen </b> von <b> Schweben </b> Ã¼ber sie. Jobs, die <b> Ã¼ber 50% automatisiert </b> wird mit ğŸ¤– markiert werden.","Sie kÃ¶nnen das <b>Risiko einer Automatisierung einsehen</b>, indem Sie <b>mit der Maus Ã¼ber den Job fahren</b>. Jobs, die <b>Ã¼ber 50% automatisiert </b>sind, sind mit einem ğŸ¤– markiert."
tutorial_hud,"Here you can find details about your character, including <b>current savings</b> (ğŸ¦), <b>income</b> (ğŸ’¸), and <b>education</b> (ğŸ“).","AquÃ­ puede encontrar detalles acerca de su carÃ¡cter, incluyendo <b> ahorro corriente </b> (ğŸ¦), <b> los ingresos </b> (ğŸ’¸), y <b> educaciÃ³n </b> (ğŸ“).","AquÃ­ puede encontrar detalles acerca de tu personaje, incluyendo <b> ahorro corriente </b> (ğŸ¦), <b> los ingresos </b> (ğŸ’¸), y <b> educaciÃ³n </b> (ğŸ“).","Vous trouverez plus de dÃ©tails sur votre personnage, y compris <b> Ã©conomies actuelles </b> (ğŸ¦), <b> revenu </b> (ğŸ’¸), et <b> l'Ã©ducation </b> (ğŸ“).","Vous trouverez ici des dÃ©tails sur votre personnage, notamment <b>son Ã©pargne </b> (ğŸ¦), <b>son revenu</b> (ğŸ’¸) et <b>sa formation</b> (ğŸ“).",åœ¨è¿™é‡Œï¼Œä½ å¯ä»¥çœ‹åˆ°ä½ çš„ä¸ªäººç‰¹ç‚¹ï¼ŒåŒ…æ‹¬<b>ç°åœ¨çš„å­˜æ¬¾</b>ï¼ˆğŸ¦ï¼‰ï¼Œ<b>æ”¶å…¥æ°´å¹³</b>ï¼ˆğŸ’¸ï¼‰ï¼Œå’Œ<b>æ•™è‚²æ°´å¹³</b>ï¼ˆğŸ“ï¼‰ã€‚,Ù‡Ù†Ø§ ÙŠÙ…ÙƒÙ†Ùƒ Ø§Ù„Ø¹Ø«ÙˆØ± Ø¹Ù„Ù‰ ØªÙØ§ØµÙŠÙ„ Ø­ÙˆÙ„ Ø§Ù„Ø·Ø§Ø¨Ø¹ Ø§Ù„Ø®Ø§Øµ Ø¨ÙƒØŒ Ø¨Ù…Ø§ ÙÙŠ Ø°Ù„Ùƒ <Ø¨> Ø§Ù„Ø§Ø¯Ø®Ø§Ø± Ø§Ù„Ø­Ø§Ù„ÙŠØ© </b> (ğŸ¦)ØŒ <Ø¨> Ø§Ù„Ø¯Ø®Ù„ </b> (ğŸ’¸)ØŒ Ùˆ <b> Ø§Ù„ØªØ¹Ù„ÙŠÙ… </b> (ğŸ“).,Ù‡Ù†Ø§ ÙŠÙ…ÙƒÙ†Ùƒ Ø§ÙŠØ¬Ø§Ø¯ ØªÙØ§ØµÙŠÙ„ Ø£ÙƒØ«Ø± Ø­ÙˆÙ„ Ø´Ø®ØµÙŠØªÙƒØŒ Ø¨Ù…Ø§ ÙÙŠ Ø°Ù„Ùƒ <B> Ø§Ù„Ù…Ø¯Ø®Ø±Ø§Øª Ø§Ù„Ø­Ø§Ù„ÙŠØ© </b> (ğŸ¦)ØŒ <B> Ø§Ù„Ø¯Ø®Ù„ </b> (ğŸ’¸)ØŒ Ùˆ <B> Ø§Ù„ØªØ¹Ù„ÙŠÙ… </b> (ğŸ“).,"Hier kÃ¶nnen Sie Details Ã¼ber Ihren Charakter finden, einschlieÃŸlich <b> Stromspar </b> (ğŸ¦), <b> Einkommen </b> (ğŸ’¸) und <b> Bildung </b> (ğŸ“).","Hier kÃ¶nnen Sie Details Ã¼ber Ihren Charakter finden, einschlieÃŸlich <b>Aktuelle Ersparnisse</b> (ğŸ¦), <b>Einkommen</b> (ğŸ’¸), and <b>Bildung</b> (ğŸ“)"
tutorial_education,You can also view your current <b>skill proficiencies</b> and <b>enroll into education</b> programs.,TambiÃ©n puede ver la configuraciÃ³n actual <b> <competencias de habilidad / b> y <b> Registro en la educaciÃ³n </b> Programas.,TambiÃ©n puede ver la configuraciÃ³n actual <b> <preferencias de habilidad / b> y <b> Nivel de educaciÃ³n </b> Programas.,Vous pouvez Ã©galement afficher votre position actuelle <b> Maniement de compÃ©tences </b> et <b> inscrire dans l'Ã©ducation </b> programmes.,Vous pouvez Ã©galement consulter votre <b>niveau de compÃ©tence actuel </b> et <b> vous inscrire Ã  des programmes de formation</b>.,æ‚¨è¿˜å¯ä»¥æŸ¥çœ‹å½“å‰çš„<b>æŠ€èƒ½ç†Ÿç»ƒåº¦</b>å’Œ<b>æ­£åœ¨å‚ä¸çš„æ•™è‚²</b>é¡¹ç›®ã€‚,ÙŠÙ…ÙƒÙ†Ùƒ Ø£ÙŠØ¶Ø§ Ø¹Ø±Ø¶ Ø§Ù„Ø®Ø§Øµ Ø¨Ùƒ Ø§Ù„Ø­Ø§Ù„ÙŠ <Ø¨> Ø§Ù„ÙƒÙØ§Ø¡Ø§Øª Ù…Ù‡Ø§Ø±Ø© </b> Ùˆ <Ø¨> ØªØ³Ø¬Ù„ ÙÙŠ Ø§Ù„ØªØ¹Ù„ÙŠÙ… </b> Ø§Ù„Ø¨Ø±Ø§Ù…Ø¬.,ÙŠÙ…ÙƒÙ†Ùƒ Ø£ÙŠØ¶Ø§ Ø¹Ø±Ø¶ <Ø¨> ÙƒÙØ§Ø¡Ø§Øª Ø§Ù„Ù…Ù‡Ø§Ø±Ø© </b> Ø§Ù„Ø®Ø§ØµØ© Ø¨Ùƒ Ùˆ <Ø¨>Ø§Ù„ØªØ³Ø¬ÙŠÙ„ ÙÙŠ Ø§Ù„Ø¨Ø±Ø§Ù…Ø¬ Ø§Ù„ØªØ¹Ù„ÙŠÙ…ÙŠØ© </b>.,Sie kÃ¶nnen auch Ihre aktuelle <b> Geschicklichkeit Fertigkeiten </b> und <b> einschreiben in der Bildung </b> Programme.,Sie kÃ¶nnen auch Ihre aktuellen <b>Kompetenzen einsehen</b> und <b>sich in Weiterbildungsprogramme einschreiben</b>
tutorial_expenses,Your <b>monthly expenses</b> are also shown. These increase with <b>inflation</b> and as you accumulate <b>debt</b>.,<B> gastos mensuales </b> tambiÃ©n se muestran. Estos aumentan con <b> la inflaciÃ³n </b> y medida que se acumulan <b> deuda </b>.,Tus <B> gastos mensuales </b> tambiÃ©n se muestran. Estos aumentan con <b> la inflaciÃ³n </b> y medida que se acumulan <b> deuda </b>.,<B> dÃ©penses mensuelles </b> sont Ã©galement indiquÃ©s. Celles-ci augmentent avec <b> l'inflation </b> et que vous accumulez <b> dette </b>.,Vos <b>dÃ©penses mensuelles</b> sont Ã©galement indiquÃ©es. Celles-ci augmentent avec l' <b>inflation</b> et Ã  mesure que vous accumulez des <b>dettes</b>.,ä½ çš„<b>æ¯æœˆèŠ±è´¹</b>ä¹Ÿè¢«ç¤ºå‡ºã€‚è¿™äº›èŠ±è´¹éšç€<b>é€šè´§è†¨èƒ€</b>å¢åŠ ï¼ŒåŒæ—¶ä½ ä¼šç§¯ç´¯<b>å€ºåŠ¡</b>ã€‚,ØµÙØ­Ø© <b> Ø§Ù„Ù…ØµØ§Ø±ÙŠÙ Ø§Ù„Ø´Ù‡Ø±ÙŠØ© </b> ÙˆØªØ¨ÙŠÙ† Ø§ÙŠØ¶Ø§. Ù‡Ø°Ù‡ Ø§Ù„Ø²ÙŠØ§Ø¯Ø© Ù…Ø¹ <Ø¨> Ø§Ù„ØªØ¶Ø®Ù… </b> Ùˆ ÙƒÙ…Ø§ ÙƒÙ†Øª ØªØªØ±Ø§ÙƒÙ… <Ø¨> Ø§Ù„Ø¯ÙŠÙ† </b>.,ÙŠØªÙ… Ø¹Ø±Ø¶ <b>Ù†ÙÙ‚Ø§ØªÙƒ Ø§Ù„Ø´Ù‡Ø±ÙŠØ©</b> Ø£ÙŠØ¶Ù‹Ø§. Ù‡Ø°Ù‡ ØªØ²Ø¯Ø§Ø¯ Ù…Ø¹ <b>Ø§Ù„ØªØ¶Ø®Ù…</b> ÙˆÙ…Ø¹ <b>ØªØ±Ø§ÙƒÙ… Ø§Ù„Ø¯ÙŠÙˆÙ†</b>.,Ihr <b> monatliche Ausgaben </b> wird auch gezeigt. Diese erhÃ¶hen mit <b> Inflation </b> und wie Sie akkumulieren <b> Schulden </b>.,Ihre <b>monatlichen Ausgaben</b> werden auch gezeigt. Diese erhÃ¶hen sich mit der <b>Inflation</b> und wenn Sie <b>Verbindlichkeiten</b> aufbauen.
tutorial_goal,Your goal is to <b>retire at {age} with ${savings} saved</b>. You can track your progress here.,Su objetivo es <b> jubilarse a la edad {age} con ${savings} ahorros guardados </b>. Puede hacer un seguimiento de su progreso aquÃ­.,El objetivo es <b> jubilarse a la {age} con ${savings} guardados </b>. Puede hacer un seguimiento de su progreso aquÃ­.,Votre but est de <b> prendre sa retraite Ã  l'Ã¢ge {age} avec ${savings} Ã©conomies enregistrÃ©es </b>. Vous pouvez suivre vos progrÃ¨s.,Votre but est de <b>partir Ã  la retraite</b> Ã  ${age} ans avec ${savings} d'Ã©pargne. Vous pouvez suivre votre progression ici. ,ä½ çš„ç›®æ ‡æ˜¯åœ¨<b>{age}é€€ä¼‘åŒæ—¶å­˜ä¸‹${savings}çš„ç§¯è“„</b>ã€‚ä½ å¯ä»¥åœ¨è¿™é‡Œè¿½è¸ªä½ çš„è¿›ç¨‹ã€‚,Ù‡Ø¯ÙÙƒ Ù‡Ùˆ <Ø¨> ÙŠØªÙ‚Ø§Ø¹Ø¯ÙˆÙ† ÙÙŠ Ø³Ù† {age} Ù…Ø¹ ${savings} Ø­ÙØ¸ </b>. ÙŠÙ…ÙƒÙ†Ùƒ ØªØªØ¨Ø¹ Ø§Ù„ØªÙ‚Ø¯Ù… Ø§Ù„Ù…Ø­Ø±Ø² Ø§Ù„Ø®Ø§Øµ Ø¨Ùƒ Ù‡Ù†Ø§.,Ù‡Ø¯ÙÙƒ Ù‡Ùˆ <Ø¨> Ø§Ù„ØªÙ‚Ø§Ø¹Ø¯ ÙÙŠ Ø¹Ù…Ø± Ø§Ù„Ù€ {age} Ù…Ø¹ Ø­ÙØ¸ Ù…Ø¯Ø®Ø±Ø§Øª Ø¨Ù‚ÙŠÙ…Ø© ${savings} </b>. ÙŠÙ…ÙƒÙ†Ùƒ Ù…ØªØ§Ø¨Ø¹Ø© ØªÙ‚Ø¯Ù…Ùƒ Ù‡Ù†Ø§.,"Ihr Ziel ist es, <b> Ruhestand in {} Alter mit $ {} Einsparungen gespeichert </b>. Sie kÃ¶nnen Ihren Fortschritt hier verfolgen.","Ihr Ziel ist es, <b>mit {age} Jahren <b> in Ruhestand zu gehen mit </b> angesparten ${savings} Ersparnissen</b>. Sie kÃ¶nnen Ihren Fortschritt hier verfolgen."
tutorial_lose,You lose if you <b>run out of time</b> or <b>reach ${debtLimit} in debt</b>.,Se pierde si <b> acaba el tiempo </b> o <b> llegar a ${debtLimit} de la deuda </b>.,Se pierde si <b> acaba el tiempo </b> o <b> llegar a ${debtLimit} limite de deuda </b>.,Vous perdez si vous <b> court de temps </b> ou <b> atteindre ${debtLimit} dans la dette </b>.,Vous perdez si vous <b> n'avez plus de temps </b> ou <b>atteignez le niveau de dettes limite ${debtLimit}</b>. ,å¦‚æœä½ çš„<b>æ—¶é—´ç”¨å®Œ</b>æˆ–è€…<b>å€ºåŠ¡</b>è¾¾åˆ°${debtLimit} çš„å€ºåŠ¡ä¸Šé™ï¼Œä½ å°†è¾“æ‰æ¸¸æˆã€‚,ØªÙÙ‚Ø¯ Ø¥Ø°Ø§ ÙƒÙ†Øª <Ø¨> Ù†ÙØ§Ø¯ Ø§Ù„ÙˆÙ‚Øª </b> Ø£Ùˆ <Ø¨> ØªØµÙ„ Ø¥Ù„Ù‰ ${debtLimit} ÙÙŠ Ø§Ù„Ø¯ÙŠÙ† </b>.,Ø³ÙˆÙ ØªØ®Ø³Ø± Ø¥Ø°Ø§ <B> Ø§Ù†ØªÙ‡Ù‰ Ø§Ù„ÙˆÙ‚Øª </b> Ø£Ùˆ <B> Ø¹Ù†Ø¯Ù…Ø§ ØªØµÙ„ Ø¯ÙŠÙˆÙ†Ùƒ Ø¥Ù„Ù‰ ${debtLimit} </b>.,"Sie verlieren, wenn Sie <b> Zeit abgelaufen </b> oder <b> erreichen ${debtLimit} in der Schuld </b>.","Sie verlieren, wenn Ihre <b>Zeit abgelaufen ist</b> oder Sie ${debtLimit} <b>erreichen"
tutorial_pause,"If you get stuck, don't worry. You can <b>pause</b> or press the spacebar at any time and review the game instructions. Good luck!","Si te quedas atascado, no se preocupe. Usted puede <b> Pausa </b> o presione la barra espaciadora en cualquier momento y revisar las instrucciones del juego. Â¡Buena suerte!","Si te quedas atascado, no se preocupe. Usted puede <b> Pausa </b> o presione la barra espaciadora en cualquier momento y revisar las instrucciones del juego. Â¡Buena suerte!","Si vous Ãªtes coincÃ©, ne vous inquiÃ©tez pas. Vous pouvez <b> pause </b> ou appuyez sur la barre d'espace Ã  tout moment et examiner les instructions de jeu. Bonne chance!","Si vous Ãªtes coincÃ©s, ne vous inquiÃ©tez pas. Vous pouvez <b>faire une pause</b> ou appuyez sur la barre d'espace Ã  tout moment et relire les instructions du jeu. Bonne chance!",å¦‚æœä½ é‡åˆ°é—®é¢˜ï¼Œä¸ç”¨æ‹…å¿ƒã€‚ä½ å¯ä»¥<b>æš‚åœ</b>æˆ–éšæ—¶æŒ‰ç©ºæ ¼é”®æŸ¥çœ‹æ¸¸æˆè¯´æ˜ã€‚ç¥å¥½è¿ï¼,Ø¥Ø°Ø§ ÙˆØ§Ø¬Ù‡ØªÙƒ Ù…Ø´ÙƒÙ„Ø©ØŒ Ù„Ø§ ØªÙ‚Ù„Ù‚. ÙŠÙ…ÙƒÙ†Ùƒ <Ø¨> ÙˆÙ‚ÙØ© </b> Ø£Ùˆ Ø§Ø¶ØºØ· Ø¹Ù„Ù‰ Ù…ÙØªØ§Ø­ Ø§Ù„Ù…Ø³Ø§ÙØ© ÙÙŠ Ø£ÙŠ ÙˆÙ‚Øª ÙˆØ¥Ø¹Ø§Ø¯Ø© Ø§Ù„Ù†Ø¸Ø± ÙÙŠ ØªØ¹Ù„ÙŠÙ…Ø§Øª Ø§Ù„Ù„Ø¹Ø¨Ø©. Ø­Ø¸Ø§ Ø³Ø¹ÙŠØ¯Ø§!,Ø¥Ø°Ø§ ÙˆØ§Ø¬Ù‡ØªÙƒ Ù…Ø´ÙƒÙ„Ø©ØŒ Ù„Ø§ ØªÙ‚Ù„Ù‚. ÙŠÙ…ÙƒÙ†Ùƒ <B> Ø§Ù„ØªÙˆÙ‚Ù Ù…Ø¤Ù‚ØªØ§Ù‹ </b> Ø£Ùˆ Ø§Ø¶ØºØ· Ø¹Ù„Ù‰ Ù…ÙØªØ§Ø­ Ø§Ù„Ù…Ø³Ø§ÙØ© ÙÙŠ Ø£ÙŠ ÙˆÙ‚Øª ÙˆØ¥Ø¹Ø§Ø¯Ø© Ø§Ù„Ù†Ø¸Ø± ÙÙŠ ØªØ¹Ù„ÙŠÙ…Ø§Øª Ø§Ù„Ù„Ø¹Ø¨Ø©. Ø­Ø¸Ø§ Ø³Ø¹ÙŠØ¯Ø§!,"Wenn Sie nicht weiterkommen, keine Sorge. Sie kÃ¶nnen <b> Pause </b> oder drÃ¼cken Sie die Leertaste jederzeit und die Spielanweisungen Ã¼berprÃ¼fen. Viel GlÃ¼ck!","Machen Sie sich keine Sorgen, wenn Sie nicht weiterkommen. Sie kÃ¶nnen <b>pausieren</b> oder jederzeit die Leertaste drÃ¼cken, um die Spielanweisungen zu Ã¼berprÃ¼fen. Viel GlÃ¼ck!"
about,About,Acerca de,Acerca de,Ã€ propos,Ã€ propos,å…³äº,Ø­ÙˆÙ„,Ø­ÙˆÙ„,Ãœber,Ãœber
about_content,"The Automated Life is a project of the <a href=""https://www.mpib-berlin.mpg.de/chm"">Centre for Humans and Machines</a> at the Max Planck Institute for Human Development in Berlin. It was led by <a href=""http://alexrutherford.org"">Alex Rutherford</a>, Senior Research Scientist and Principal Investigator of the <a href=""https://www.mpib-berlin.mpg.de/444689/theme-machines-and-the-future-of-work"">Future of Work</a> research theme and developed by <a href=""https://frnsys.com/"">Francis Tseng</a>. <a href=""https://rahwan.me/"">Professor Iyad Rahwan</a>, Director of the Centre for Humans and Machines collaborated in the design of the project.
<br /><br />
The Automated Life was approved by the Ethics Committee of the Max Planck Institute for Human Development and is GDPR compliant. Anonymised and non-personally identifiable data is collected to understand how people play the game. Players may be randomly assigned to see a slightly different version of the game in order to draw insights about how people make decisions and trade-offs regarding switching jobs. Any such insights will be described in a scientific publication that will be publicly available.
<br /><br />
The underlying code for this project is open-source and available on <a href=""https://github.com/frnsys/the_automated_life"">Github</a>. The game is described in the <a href=""/static/technical_doc.pdf"">following technical document</a>.
<br /><br />
Contact <a href=""mailto:theautomatedlife@mpib-berlin.mpg.de"">theautomatedlife@mpib-berlin.mpg.de</a>","La vida Automatizado es un proyecto del Centro de seres humanos y mÃ¡quinas en el Instituto Max Planck de Desarrollo Humano en BerlÃ­n. Fue llevado por el <a href=""http://alexrutherford.org""> Alex Rutherford </a>, CientÃ­fico Senior de InvestigaciÃ³n e Investigador Principal de la <a href = ""https: //www.mpib-berlin.mpg. es / 444689 / tema-mÃ¡quinas-y-el-futuro-de-obra ""> futuro del grupo de investigaciÃ³n trabajo </a> y desarrollado por <a href=""https://frnsys.com/""> Francis Tseng </a>. Profesor Iyad Rahwan, Director del Centro de seres humanos y mÃ¡quinas y el Dr. Zafer Kanik, asociado postdoctoral en el MIT Media Lab colaboraron en el diseÃ±o del proyecto.
<br /> <br />
La vida Automatizado fue aprobado por el ComitÃ© de Ã‰tica del Instituto Max Planck para el Desarrollo Humano y es compatible GDPR. Anonimizados y no personal se recogen datos para entender cÃ³mo la gente juega el juego. Los jugadores pueden ser asignados al azar para ver una versiÃ³n ligeramente diferente del juego con el fin de extraer ideas sobre cÃ³mo las personas toman decisiones y soluciones de compromiso en relaciÃ³n con los trabajos de conmutaciÃ³n. Cualquiera de estos puntos de vista serÃ¡n descritos en una publicaciÃ³n cientÃ­fica que estarÃ¡ a disposiciÃ³n del pÃºblico.
<br /> <br />
El cÃ³digo subyacente para este proyecto es de cÃ³digo abierto y disponible en Github <a href=""https://github.com/frnsys/the_automated_life""> </a>. El juego se describe en <a href=""/static/technical_doc.pdf"">el siguiente documento tÃ©cnico</a>.
<br /> <br />
Contacto <a href=""mailto:theautomatedlife@mpib-berlin.mpg.de""> theautomatedlife@mpib-berlin.mpg.de </a>","La vida Automatizado es un proyecto del Centro de seres humanos y mÃ¡quinas en el Instituto Max Planck de Desarrollo Humano en BerlÃ­n. Fue llevado por el <a href=""http://alexrutherford.org""> Alex Rutherford </a>, CientÃ­fico Senior de InvestigaciÃ³n e Investigador Principal de la <a href = ""https: //www.mpib-berlin.mpg. es / 444689 / tema-mÃ¡quinas-y-el-futuro-de-obra ""> futuro del grupo de investigaciÃ³n trabajo </a> y desarrollado por <a href=""https://frnsys.com/""> Francis Tseng </a>. Profesor Iyad Rahwan, Director del Centro de seres humanos y mÃ¡quinas y el Dr. Zafer Kanik, asociado postdoctoral en el MIT Media Lab colaboraron en el diseÃ±o del proyecto.
<br /> <br />
La vida Automatizado fue aprobado por el ComitÃ© de Ã‰tica del Instituto Max Planck para el Desarrollo Humano y es compatible GDPR. Anonimizados y no personal se recogen datos para entender cÃ³mo la gente juega el juego. Los jugadores pueden ser asignados al azar para ver una versiÃ³n ligeramente diferente del juego con el fin de extraer ideas sobre cÃ³mo las personas toman decisiones y soluciones de compromiso en relaciÃ³n con los trabajos de conmutaciÃ³n. Cualquiera de estos puntos de vista serÃ¡n descritos en una publicaciÃ³n cientÃ­fica que estarÃ¡ a disposiciÃ³n del pÃºblico.
<br /> <br />
El cÃ³digo subyacente para este proyecto es de cÃ³digo abierto y disponible en Github <a href=""https://github.com/frnsys/the_automated_life""> </a>. El juego se describe en <a href=""/static/technical_doc.pdf"">el siguiente documento tÃ©cnico</a>.
<br /> <br />
Contacto <a href=""mailto:theautomatedlife@mpib-berlin.mpg.de""> theautomatedlife@mpib-berlin.mpg.de </a>","Le processus automatisÃ© La vie est un projet du Centre pour les humains et les machines Ã  l'Institut Max Planck pour le dÃ©veloppement humain Ã  Berlin. Il Ã©tait dirigÃ© par <a href=""http://alexrutherford.org""> Alex Rutherford </a>, chercheur scientifique principal et chercheur principal de l'Ã©lÃ©ment <a href = ""https: //www.mpib-berlin.mpg. de / 444689 / thÃ¨me-machines-et-le-futur du travail ""> avenir du groupe de recherche de travail et dÃ©veloppÃ© par <a href=""https://frnsys.com/""> Francis Tseng </a>. Professeur Iyad Rahwan, directeur du Centre pour les humains et les machines et le Dr Zafer Kanik, associÃ© postdoctoral au MIT Media Lab ont collaborÃ© Ã  la conception du projet.
<br /> <br />
La vie automatisÃ© a Ã©tÃ© approuvÃ© par le comitÃ© d'Ã©thique de l'Institut Max Planck pour le dÃ©veloppement humain et est compatible GDPR. AnonymisÃ©es et des donnÃ©es non personnelles sont collectÃ©es pour comprendre comment les gens jouent le jeu. Les joueurs peuvent Ãªtre assignÃ©s au hasard pour voir une version lÃ©gÃ¨rement diffÃ©rente du jeu afin d'en tirer des idÃ©es sur la faÃ§on dont les gens prennent des dÃ©cisions et des arbitrages concernant les emplois de commutation. Toute idÃ©es seront dÃ©crites dans une publication scientifique qui sera rendu public.
<br /> <br />
Le code sous-jacent pour ce projet est open source et disponible sur <a href=""https://github.com/frnsys/the_automated_life""> Github </a>. Le jeu est dÃ©crit dans <a href=""/static/technical_doc.pdf"">le document technique suivant</a>.
<br /> <br />
Contacter <a href=""mailto:theautomatedlife@mpib-berlin.mpg.de""> theautomatedlife@mpib-berlin.mpg.de </a>","The Automated Life est un projet du Centre for Humans and Machines du Max Planck Institute for Human Development Ã  Berlin. Il a Ã©tÃ© dirigÃ© par <a href=""http://alexrutherford.org"">Alex Rutherford</a>, chercheur principal du groupe de recherche <a href=""https://www.mpib-berlin.mpg.de/444689/theme-machines-and-the-future-of-work"">Future of Work</a> et dÃ©veloppÃ© par <a href=""https://frnsys.com/"">Francis Tseng</a>. Le professeur Iyad Rahwan, directeur du Centre for Humans and Machines, et le Dr Zafer Kanik, associÃ© postdoctoral au Media Lab du MIT, ont collaborÃ© Ã  la conception du projet.
<br /><br />
The Automated Life a Ã©tÃ© approuvÃ© par le comitÃ© d'Ã©thique du Max Planck Institute for Human Development et est conforme au RGPD. Des donnÃ©es anonymes et non personnelles sont collectÃ©es pour comprendre comment les gens jouent au jeu. Les joueurs peuvent Ãªtre assignÃ©s au hasard Ã  une version lÃ©gÃ¨rement diffÃ©rente du jeu afin de comprendre comment les gens prennent des dÃ©cisions et font des compromis en ce qui concerne le changement d'emploi. Ces informations seront dÃ©crites dans une publication scientifique qui sera mise Ã  la disposition du public.
<br /><br />
Le code sous-jacent de ce projet est open-source et disponible sur <a href=""https://github.com/frnsys/the_automated_life"">Github</a>. Le jeu est dÃ©crit dans <a href=""/static/technical_doc.pdf"">le document technique suivant</a>.
<br /><br />
Contact <a href=""mailto:theautomatedlife@mpib-berlin.mpg.de"">theautomatedlife@mpib-berlin.mpg.de</a>

Traduit avec www.DeepL.com/Translator (version gratuite)","""è‡ªåŠ¨åŒ–çš„ç”Ÿæ´»""æ˜¯ä½äºæŸæ—çš„é©¬å…‹æ€æ™®æœ—å…‹äººç±»å‘å±•ç ”ç©¶æ‰€äººä¸æœºå™¨ä¸­å¿ƒçš„é¡¹ç›®ã€‚å®ƒæ˜¯ç”±é«˜çº§ç ”ç©¶ç§‘å­¦å®¶å’Œ<a href=""https://www.mpib-berlin.mpg.de/444689/theme-machines-and-the-future-of-work"">æœªæ¥å·¥ä½œå›¾æ™¯/a>ç ”ç©¶å°ç»„é¦–å¸­ç ”ç©¶å‘˜<a href=""http://alexrutherford.org"">Alex Rutherford</a>é¢†å¯¼ï¼Œç”±<a href=""https://frnsys.com/"">Francis Tseng</a>å¼€å‘ã€‚äººä¸æœºå™¨ä¸­å¿ƒä¸»ä»»Iyad Rahwanå’Œéº»çœç†å·¥å­¦é™¢åª’ä½“å®éªŒå®¤Zafer Kanikåšå£«åˆä½œå‚ä¸äº†é¡¹ç›®çš„è®¾è®¡ã€‚
<br /> <br />
""è‡ªåŠ¨åŒ–çš„ç”Ÿå‘½""ç”±é©¬å…‹æ–¯æ™®æœ—å…‹äººç±»å‘å±•ç ”ç©¶æ‰€ä¼¦ç†å§”å‘˜ä¼šæ‰¹å‡†ï¼Œå¹¶ç¬¦åˆGDPRè§„å®šã€‚åŒ¿åä¸éå¯è¾¨åˆ«ä¸ªäººèº«ä»½æ•°æ®å°†è¢«æ”¶é›†ä»¥äº†è§£äººä»¬å¦‚ä½•å‚ä¸æ¬¡æ¸¸æˆã€‚ç©å®¶å°†ä¼šè¢«éšæœºåˆ†é…ï¼Œå…¶çœ‹åˆ°æ¸¸æˆç‰ˆæœ¬ä¼šç•¥æœ‰ä¸åŒï¼Œä»¥æ­¤æ¥ç ”ç©¶äººä»¬å¦‚ä½•åœ¨æ¢å·¥ä½œé—®é¢˜ä¸Šä½œå‡ºå†³å®šå’Œå–èˆã€‚è¿™äº›ç ”ç©¶ä¸è§‚ç‚¹å°†åœ¨å…¬ä¼—å¯è·å–çš„ç§‘å­¦å‡ºç‰ˆç‰©ä¸Šå‘è¡¨ã€‚
<br /> <br />
è¯¥é¡¹ç›®çš„åº•å±‚ä»£ç æ˜¯å¼€æºçš„ï¼Œå¯ä»¥åœ¨<a href=""https://github.com/frnsys/the_automated_life""> Github</a>ä¸Šè·å–ã€‚æ¸¸æˆæè¿°ä½äºä»¥ä¸‹æŠ€<a href=""/static/technical_doc.pdf"">æœ¯æ–‡æ¡£ä¹‹ä¸­</a>ã€‚
<br /> <br />
è”ç³»æ–¹å¼<a href=""mailto:theautomatedlife@mpib-berlin.mpg.de""> theautomatedlife@mpib-berlin.mpg.de </a>","Ø§Ù„Ø­ÙŠØ§Ø© Ø§Ù„Ø¢Ù„ÙŠ Ù‡Ùˆ Ù…Ø´Ø±ÙˆØ¹ Ù„Ù…Ø±ÙƒØ² Ø§Ù„Ø¨Ø´Ø± ÙˆØ§Ù„Ø¢Ù„Ø§Øª ÙÙŠ Ù…Ø¹Ù‡Ø¯ Ù…Ø§ÙƒØ³ Ø¨Ù„Ø§Ù†Ùƒ Ù„Ù„ØªÙ†Ù…ÙŠØ© Ø§Ù„Ø¨Ø´Ø±ÙŠØ© ÙÙŠ Ø¨Ø±Ù„ÙŠÙ†. ÙƒØ§Ù† Ø¨Ù‚ÙŠØ§Ø¯Ø© <a href=""http://alexrutherford.org""> Ø£Ù„ÙŠÙƒØ³ Ø±ÙˆØ«Ø±ÙÙˆØ±Ø¯ </A>ØŒ Ø§Ù„Ø¨Ø§Ø­Ø« Ø§Ù„Ø¹Ù„Ù…ÙŠ Ø§Ù„Ø£Ù‚Ø¯Ù… ÙˆØ§Ù„Ø¨Ø§Ø­Ø« Ø§Ù„Ø±Ø¦ÙŠØ³ÙŠ ÙÙŠ ÙÙŠ <a href = ""HTTPS: //www.mpib-berlin.mpg. Ø¯ÙŠ / 444689 / Ø§Ù„Ù…ÙˆØ¶ÙˆØ¹ Ø¢Ù„Ø§Øª ÙˆØ§Ù„Ø­Ø±ÙƒØ© ÙˆØ§Ù„Ù…Ø³ØªÙ‚Ø¨Ù„ Ø¹Ù† Ø§Ù„Ø¹Ù…Ù„ ""> Ù…Ø³ØªÙ‚Ø¨Ù„ Ù…Ø¬Ù…ÙˆØ¹Ø© Ø£Ø¨Ø­Ø§Ø« Ø§Ù„Ø¹Ù…Ù„ </A> ÙˆØ¶Ø¹ØªÙ‡Ø§ <a href=""https://frnsys.com/""> ÙØ±Ø§Ù†Ø³ÙŠØ³ ØªØ³Ù†Øº </ Ø£>. Ø£Ø³ØªØ§Ø° Ø¥ÙŠØ§Ø¯ Ø±Ù‡ÙˆØ§Ù†ØŒ Ù…Ø¯ÙŠØ± Ù…Ø±ÙƒØ² Ø§Ù„Ø¨Ø´Ø± ÙˆØ§Ù„Ø¢Ù„Ø§Øª ÙˆØ§Ù„Ø¯ÙƒØªÙˆØ± Ø¸Ø§ÙØ± KanikØŒ Ø²Ù…ÙŠÙ„ Ø¨Ø¹Ø¯ Ø§Ù„Ø¯ÙƒØªÙˆØ±Ø§Ù‡ ÙÙŠ Ù…Ø¹Ù‡Ø¯ Ù…Ø§Ø³Ø§ØªØ´ÙˆØ³ØªØ³ Ù„Ù„ØªÙƒÙ†ÙˆÙ„ÙˆØ¬ÙŠØ§ ÙˆØ³Ø§Ø¦Ù„ Ø§Ù„Ø¥Ø¹Ù„Ø§Ù… Ù…Ø®ØªØ¨Ø± ØªØ¹Ø§ÙˆÙ†Øª ÙÙŠ ØªØµÙ…ÙŠÙ… Ø§Ù„Ù…Ø´Ø±ÙˆØ¹.
<br /> <br /> Ùˆ
ÙˆØªÙ…Øª Ø§Ù„Ù…ÙˆØ§ÙÙ‚Ø© Ø¹Ù„Ù‰ Ø§Ù„Ø­ÙŠØ§Ø© Ø§Ù„Ø¢Ù„ÙŠ Ù…Ù† Ù‚Ø¨Ù„ Ù„Ø¬Ù†Ø© Ø§Ù„Ø£Ø®Ù„Ø§Ù‚ÙŠØ§Øª Ù…Ù† Ù…Ø¹Ù‡Ø¯ Ù…Ø§ÙƒØ³ Ø¨Ù„Ø§Ù†Ùƒ Ù„Ù„ØªÙ†Ù…ÙŠØ© Ø§Ù„Ø¨Ø´Ø±ÙŠØ© ÙˆÙ…ØªÙˆØ§ÙÙ‚ GDPR. ÙŠØªÙ… Ø¬Ù…Ø¹ Ù…Ø¬Ù‡ÙˆÙ„ Ø§Ù„Ù…ØµØ¯Ø± ÙˆØºÙŠØ± Ø´Ø®ØµÙŠØ© Ø§Ù„Ø¨ÙŠØ§Ù†Ø§Øª Ø£Ù† Ù†ÙÙ‡Ù… ÙƒÙŠÙ ØªÙ„Ø¹Ø¨ Ù„Ø¹Ø¨Ø© Ø§Ù„Ù†Ø§Ø³. ÙŠÙ…ÙƒÙ† Ù„Ù„Ø§Ø¹Ø¨ÙŠÙ† Ø£Ù† Ø¹Ø´ÙˆØ§Ø¦ÙŠØ§ Ù„Ø±Ø¤ÙŠØ© Ù†Ø³Ø®Ø© Ù…Ø®ØªÙ„ÙØ© Ù‚Ù„ÙŠÙ„Ø§ Ù…Ù† Ø§Ù„Ù„Ø¹Ø¨Ø© Ù…Ù† Ø£Ø¬Ù„ Ø§Ø³ØªØ®Ù„Ø§Øµ Ø§Ù„Ø£ÙÙƒØ§Ø± Ø­ÙˆÙ„ ÙƒÙŠÙÙŠØ© Ø¬Ø¹Ù„ Ø§Ù„Ù†Ø§Ø³ Ø§Ù„Ù‚Ø±Ø§Ø±Ø§Øª ÙˆØ§Ù„Ù…Ù‚Ø§ÙŠØ¶Ø§Øª Ø¨Ø´Ø£Ù† ÙˆØ¸Ø§Ø¦Ù Ø§Ù„ØªØ¨Ø¯ÙŠÙ„. ÙˆØ³ÙŠØªÙ… ÙˆØµÙ Ø£ÙŠ Ù…Ù† Ù‡Ø°Ù‡ Ø§Ù„Ø£ÙÙƒØ§Ø± ÙÙŠ Ù…Ù†Ø´ÙˆØ± Ø¹Ù„Ù…ÙŠ Ø³ÙˆÙ ØªÙƒÙˆÙ† Ù…ØªØ§Ø­Ø© Ù„Ù„Ø¬Ù…Ù‡ÙˆØ±.
<br /> <br /> Ùˆ
Ø±Ù…Ø² Ø§Ù„ÙƒØ§Ù…Ù†Ø© ÙˆØ±Ø§Ø¡ Ù‡Ø°Ø§ Ø§Ù„Ù…Ø´Ø±ÙˆØ¹ Ù‡Ùˆ Ù…ÙØªÙˆØ­ Ø§Ù„Ù…ØµØ¯Ø± ÙˆÙ…ØªÙˆÙØ± Ø¹Ù„Ù‰ <a href=""https://github.com/frnsys/the_automated_life""> Ø¬ÙŠØ«Ø¨ </A>. ÙŠØªÙ… ÙˆØµÙ Ø§Ù„Ù„Ø¹Ø¨Ø© ÙÙŠ <a href=""/static/technical_doc.pdf"">Ø§Ù„ÙˆØ«ÙŠÙ‚Ø© Ø§Ù„ØªÙ‚Ù†ÙŠØ© Ø§Ù„ØªØ§Ù„ÙŠØ©</a>.
<br /> <br /> Ùˆ
Ø§Ù„Ø§ØªØµØ§Ù„ <a href=""mailto:theautomatedlife@mpib-berlin.mpg.de""> theautomatedlife@mpib-berlin.mpg.de </A>","
Ø§Ù„Ø­ÙŠØ§Ø© Ø§Ù„Ù…Ø¤ØªÙ…ØªØ© Ù‡Ùˆ Ù…Ø´Ø±ÙˆØ¹ Ù„Ù…Ø±ÙƒØ² Ø§Ù„Ø¨Ø´Ø± ÙˆØ§Ù„Ø¢Ù„Ø§Øª ÙÙŠ Ù…Ø¹Ù‡Ø¯ Ù…Ø§ÙƒØ³ Ø¨Ù„Ø§Ù†Ùƒ Ù„Ù„ØªÙ†Ù…ÙŠØ© Ø§Ù„Ø¨Ø´Ø±ÙŠØ© ÙÙŠ Ø¨Ø±Ù„ÙŠÙ†. ÙƒØ§Ù† Ø¨Ù‚ÙŠØ§Ø¯Ø© <a href=""http://alexrutherford.org""> Ø£Ù„ÙŠÙƒØ³ Ø±ÙˆØ«Ø±ÙÙˆØ±Ø¯ </A>ØŒ Ø§Ù„Ø¨Ø§Ø­Ø« Ø§Ù„Ø¹Ù„Ù…ÙŠ Ø§Ù„Ø£ÙˆÙ„ ÙˆØ§Ù„Ø¨Ø§Ø­Ø« Ø§Ù„Ø±Ø¦ÙŠØ³ÙŠ ÙÙŠ Ø§Ù„Ù…Ø¬Ù…ÙˆØ¹Ø© Ø§Ù„Ø¨Ø­Ø«ÙŠØ©<a href=""https://www.mpib-berlin.mpg.de/444689/theme-machines-and-the-future-of-work"">Ù…Ø³ØªÙ‚Ø¨Ù„ Ø§Ù„Ø¹Ù…Ù„</a>ØŒ ÙˆØ·ÙˆØ± Ø¨ÙˆØ§Ø³Ø·Ø© <a href=""https://frnsys.com/""> ÙØ±Ø§Ù†Ø³ÙŠØ³ ØªØ³Ù†Øº </a>. ØªØ¹Ø§ÙˆÙ†ÙˆØ§ Ù…Ø¹Ù†Ø§ ÙÙŠ ØªØµÙ…ÙŠÙ… Ø§Ù„Ù…Ø´Ø±ÙˆØ¹ Ø§Ù„Ø¨Ø±ÙØ³ÙˆØ± Ø§ÙŠØ§Ø¯ Ø±Ù‡ÙˆØ§Ù†ØŒ Ù…Ø¯ÙŠØ± Ù…Ø±ÙƒØ² Ø§Ù„Ø¨Ø´Ø± ÙˆØ§Ù„Ø¢Ù„Ø§Øª ÙˆØ§Ù„Ø¯ÙƒØªÙˆØ± Ø¸Ø§ÙØ± ÙƒØ§Ù†ÙƒØŒ Ø²Ù…ÙŠÙ„ Ø¨Ø¹Ø¯ Ø§Ù„Ø¯ÙƒØªÙˆØ±Ø§Ù‡ ÙÙŠ Ù…Ø¹Ù‡Ø¯ Ù…Ø§Ø³Ø§ØªØ´ÙˆØ³ØªØ³ Ù„Ù„ØªÙƒÙ†ÙˆÙ„ÙˆØ¬ÙŠØ§ ÙÙŠ Ù…Ø®ØªØ¨Ø± Ø§Ù„Ø¥Ø¹Ù„Ø§Ù… ""Ù…ÙŠØ¯ÙŠØ§ Ù„Ø§Ø¨"". ÙˆØªÙ…Øª Ø§Ù„Ù…ÙˆØ§ÙÙ‚Ø© Ø¹Ù„Ù‰ Ù…Ø´Ø±ÙˆØ¹ Ø§Ù„Ø­ÙŠØ§Ø© Ø§Ù„Ù…Ø¤ØªÙ…ØªØ© Ù…Ù† Ù‚Ø¨Ù„ Ù„Ø¬Ù†Ø© Ø§Ù„Ø£Ø®Ù„Ø§Ù‚ÙŠØ§Øª Ù…Ù† Ù…Ø¹Ù‡Ø¯ Ù…Ø§ÙƒØ³ Ø¨Ù„Ø§Ù†Ùƒ Ù„Ù„ØªÙ†Ù…ÙŠØ© Ø§Ù„Ø¨Ø´Ø±ÙŠØ© ÙˆÙ…ØªÙˆØ§ÙÙ‚ Ù…Ø¹ GDPR.
ÙŠØªÙ… Ø¬Ù…Ø¹ Ù…Ø¹Ù„ÙˆÙ…Ø§Øª Ù…Ø¬Ù‡ÙˆÙ„Ø© Ø§Ù„Ù…ØµØ¯Ø± ÙˆØºÙŠØ± Ø´Ø®ØµÙŠØ© Ø­ØªÙ‰ Ù†ÙÙ‡Ù… ÙƒÙŠÙ ØªÙ„Ø¹Ø¨ Ø§Ù„Ù†Ø§Ø³ Ø§Ù„Ù„Ø¹Ø¨Ø©. ÙŠÙ…ÙƒÙ† Ù„Ù„Ø§Ø¹Ø¨ÙŠÙ† Ø±Ø¤ÙŠØ© Ù†Ø³Ø®Ø© Ø¹Ø´ÙˆØ§Ø¦ÙŠØ© Ù…Ø®ØªÙ„ÙØ© Ù‚Ù„ÙŠÙ„Ø§ Ù…Ù† Ø§Ù„Ù„Ø¹Ø¨Ø© Ù…Ù† Ø£Ø¬Ù„ Ø§Ø³ØªØ®Ù„Ø§Øµ Ø§Ù„Ø£ÙÙƒØ§Ø± Ø­ÙˆÙ„ ÙƒÙŠÙÙŠØ© Ø§Ø®ØªÙŠØ§Ø± Ø§Ù„Ù†Ø§Ø³ Ù„Ù„Ù‚Ø±Ø§Ø±Ø§Øª ÙˆØ§Ù„Ù…Ù‚Ø§ÙŠØ¶Ø§Øª Ø¨Ø´Ø£Ù† ØªØ¨Ø¯ÙŠÙ„ Ø§Ù„ÙˆØ¸Ø§Ø¦Ù. ÙˆØ³ÙŠØªÙ… ÙˆØµÙ Ø§Ù„Ù…Ø®Ø±Ø¬Ø§Øª ÙÙŠ Ù…Ù†Ø´ÙˆØ± Ø¹Ù„Ù…ÙŠ Ø³ÙˆÙ ØªÙƒÙˆÙ† Ù…ØªØ§Ø­Ø© Ù„Ù„Ø¹Ø§Ù…Ø©. <br /> <br />
Ùˆ Ø§Ù„ÙƒÙˆØ¯ Ø§Ù„Ø¨Ø±Ù…Ø¬ÙŠ Ù„Ù‡Ø°Ø§ Ø§Ù„Ù…Ø´Ø±ÙˆØ¹ Ù…ÙØªÙˆØ­ Ø§Ù„Ù…ØµØ¯Ø± Ùˆ Ù…ØªÙˆÙØ± Ø¹Ù„Ù‰  <a href=""https://github.com/frnsys/the_automated_life"">Github.</a>

ØªÙ… ÙˆØµÙ Ø§Ù„Ù„Ø¹Ø¨Ø© ÙÙŠ Ø§Ù„ØªÙ‚Ø±ÙŠØ± Ø§Ù„ØªÙ‚Ù†ÙŠ Ø§Ù„Ù…ÙˆØ¬ÙˆØ¯ Ø¹Ù„Ù‰ [Ø§Ù„Ø±Ø§Ø¨Ø·].
<br /><br />

Ù„Ù„Ø§ØªØµØ§Ù„: <a href=""mailto:theautomatedlife@mpib-berlin.mpg.de"">theautomatedlife@mpib-berlin.mpg.de</a>

","Das automatisierte Das Leben ist ein Projekt des Zentrums fÃ¼r Mensch und Maschine am Max-Planck-Institut fÃ¼r Bildungsforschung in Berlin. //www.mpib-berlin.mpg: Es wurde von <a href=""http://alexrutherford.org""> Alex Rutherford </a>, Senior Research Scientist und Principal Investigator der <a href = ""https gefÃ¼hrt. de / 444689 / Thema-Maschinen-und-die-Zukunft-of-Arbeit ""> Zukunft der Arbeit </a> Forschungsgruppe und entwickelt von <a href=""https://frnsys.com/""> Francis Tseng </a>. Professor Iyad Rahwan, Direktor des Zentrums fÃ¼r Mensch und Maschine und Dr. Zafer Kanik, Postdoc am MIT Media Lab zusammengearbeitet bei der Entwicklung des Projekts.
<br /> <br />
Das automatisierte Leben wurde von der Ethikkommission der Max-Planck-Institut fÃ¼r Bildungsforschung und ist BIPR konform zugelassen. Anonymisierte und nicht-personenbezogene Daten erhoben, zu verstehen, wie die Leute das Spiel spielen. Die Spieler werden zufÃ¤llig eine etwas andere Version des Spiels, um zu sehen, zugeordnet zu ziehen Erkenntnisse darÃ¼ber, wie Menschen Entscheidungen treffen und Kompromisse in Bezug auf VermittlungsauftrÃ¤ge. Solche Erkenntnisse werden in einer wissenschaftlichen Publikation beschrieben werden, die Ã¶ffentlich zugÃ¤nglich sind.
<br /> <br />
Der zugrunde liegende Code fÃ¼r dieses Projekt ist Open-Source und auf <a href=""https://github.com/frnsys/the_automated_life""> Github </a>. Das Spiel wird im <a href=""/static/technical_doc.pdf"">folgenden technischen Dokument beschrieben</a>.
<br /> <br />
Kontakt <a href=""mailto:theautomatedlife@mpib-berlin.mpg.de""> theautomatedlife@mpib-berlin.mpg.de </a>","Das automatisierte Das Leben ist ein Projekt des Zentrums fÃ¼r Mensch und Maschine am Max-Planck-Institut fÃ¼r Bildungsforschung in Berlin. //www.mpib-berlin.mpg: Es wurde von <a href=""http://alexrutherford.org""> Alex Rutherford </a>, Senior Research Scientist und Principal Investigator der <a href = ""https gefÃ¼hrt. de / 444689 / Thema-Maschinen-und-die-Zukunft-of-Arbeit ""> Zukunft der Arbeit </a> Forschungsgruppe und entwickelt von <a href=""https://frnsys.com/""> Francis Tseng </a>. Professor Iyad Rahwan, Direktor des Zentrums fÃ¼r Mensch und Maschine und Dr. Zafer Kanik, Postdoc am MIT Media Lab zusammengearbeitet bei der Entwicklung des Projekts.
<br /> <br />
Das automatisierte Leben wurde von der Ethikkommission der Max-Planck-Institut fÃ¼r Bildungsforschung und ist BIPR konform zugelassen. Anonymisierte und nicht-personenbezogene Daten erhoben, zu verstehen, wie die Leute das Spiel spielen. Die Spieler werden zufÃ¤llig eine etwas andere Version des Spiels, um zu sehen, zugeordnet zu ziehen Erkenntnisse darÃ¼ber, wie Menschen Entscheidungen treffen und Kompromisse eingehen beim Jobwechsel. Diese Erkenntnisse werden in einer wissenschaftlichen Publikation beschrieben werden, die Ã¶ffentlich zugÃ¤nglich sein wird.
<br /> <br />
Der zugrunde liegende Code fÃ¼r dieses Projekt ist Open-Source und auf <a href=""https://github.com/frnsys/the_automated_life""> Github </a> einzusehen. Das Spiel wird im <a href=""/static/technical_doc.pdf"">folgenden technischen Dokument beschrieben</a>.
<br /> <br />
Kontakt <a href=""mailto:theautomatedlife@mpib-berlin.mpg.de""> theautomatedlife@mpib-berlin.mpg.de </a>"